"","Row Labels","Count of PARK_NAME","ASSAULT WITH DEADLY WEAPON, AGGRAVATED ASSAULT","BURGLARY","MANSLAUGHTER, NEGLIGENT","RAPE, ATTEMPTED","RAPE, FORCIBLE","ROBBERY","THEFT FROM MOTOR VEHICLE - ATTEMPT","THEFT FROM MOTOR VEHICLE - GRAND ($400 AND OVER)","THEFT FROM MOTOR VEHICLE - PETTY ($950 & UNDER)","THEFT FROM PERSON - ATTEMPT","THEFT, PERSON","Grand Total","Total population","Median Income","Pools","Gym","Restroom"
"1",6037101122,1,1,3,0,0,0,0,0,1,2,0,0,7,3301,"86081",0,0,0
"2",6037101300,3,7,27,0,0,1,3,2,8,17,0,0,65,4238,"80708",0,0,0
"3",6037101400,2,11,10,0,0,1,4,0,1,17,0,1,45,4231,"65029",0,0,2
"4",6037102103,1,0,0,0,0,0,0,0,0,0,0,0,0,1870,"73819",0,0,0
"5",6037102104,3,0,4,0,0,0,1,0,1,1,0,0,7,3578,"72039",0,0,0
"6",6037102107,2,0,0,0,0,0,0,0,1,1,0,0,2,3950,"62264",0,0,0
"7",6037103101,1,0,2,0,0,0,0,0,0,1,0,0,3,2734,"67500",0,0,0
"8",6037103102,3,9,14,0,0,0,3,0,2,17,0,2,47,4632,"68048",1,0,0
"9",6037103200,1,5,6,0,0,1,2,0,2,3,0,0,19,6193,"48670",0,0,0
"10",6037103300,1,3,6,0,0,0,1,0,3,8,0,0,21,3137,"78281",0,0,0
"11",6037103400,2,11,26,0,0,1,13,0,8,29,0,1,89,6542,"62423",0,0,1
"12",6037104124,2,0,1,0,0,0,0,0,1,2,0,0,4,4379,"80813",0,1,1
"13",6037104203,1,18,21,0,0,4,12,0,4,30,0,1,90,4880,"45788",1,1,1
"14",6037104701,1,24,29,0,0,3,19,0,8,25,0,1,109,4028,"27394",0,0,0
"15",6037104704,1,44,13,0,0,5,10,2,8,24,0,0,106,4140,"51003",0,1,1
"16",6037104810,1,5,4,0,0,0,3,0,1,5,0,0,18,6034,"66054",0,0,1
"17",6037106010,2,1,0,0,0,0,0,0,0,0,0,0,1,3334,"76576",0,0,0
"18",6037106020,2,5,20,0,0,0,4,1,4,11,0,0,45,6323,"71250",0,0,0
"19",6037106111,2,3,12,0,0,1,2,1,8,10,0,0,37,4794,"79702",2,1,11
"20",6037106112,1,0,1,0,0,0,1,0,3,6,0,0,11,5861,"74256",0,0,0
"21",6037106113,1,2,7,0,0,1,4,0,5,5,0,0,24,3502,"74688",0,0,0
"22",6037106406,4,8,9,0,0,0,5,0,3,11,0,0,36,5508,"76131",0,0,0
"23",6037106510,3,3,31,0,0,1,4,0,1,13,0,0,53,5178,"92857",0,0,1
"24",6037106603,1,0,1,0,0,0,0,0,1,0,0,0,2,3253,"102632",0,0,0
"25",6037106641,1,0,17,0,0,0,0,0,4,4,0,0,25,2196,"101758",0,0,0
"26",6037106643,1,1,29,0,0,1,2,1,0,6,0,0,40,4739,"138750",0,0,0
"27",6037106645,1,0,11,0,0,0,0,0,0,0,0,0,11,3336,"109276",0,0,0
"28",6037106646,1,0,13,0,0,1,0,0,3,1,0,1,19,3606,"91394",1,0,1
"29",6037107010,1,13,18,0,2,2,6,0,3,16,0,0,60,3165,"51458",1,0,0
"30",6037107020,1,26,33,0,0,1,12,1,5,31,0,1,110,5618,"71790",0,0,0
"31",6037108103,3,2,12,0,0,0,0,0,2,9,0,0,25,2945,"143000",0,0,1
"32",6037108104,2,3,28,0,0,0,1,0,1,6,0,0,39,1992,"119875",0,0,0
"33",6037108201,4,0,8,0,0,0,0,0,1,2,0,1,12,5827,"113553",0,0,1
"34",6037108202,2,0,6,0,0,1,0,0,0,2,0,0,9,6270,"104182",0,0,0
"35",6037109300,2,4,12,0,0,1,0,0,2,12,0,0,31,3475,"77750",0,0,0
"36",6037109400,1,0,6,0,0,1,0,0,0,4,0,0,11,3434,"51475",0,0,1
"37",6037109500,2,7,9,0,0,2,4,0,0,8,0,0,30,4792,"51380",0,0,1
"38",6037109604,1,8,33,0,0,1,7,0,9,20,0,0,78,3090,"70217",0,0,0
"39",6037111205,1,2,3,0,0,4,2,0,4,16,0,0,31,4269,"70490",0,0,0
"40",6037111206,1,5,47,0,1,0,3,0,9,17,0,1,83,4742,"102083",0,0,0
"41",6037111400,1,10,45,0,0,1,15,2,7,29,0,1,110,7939,"51094",1,1,1
"42",6037113102,2,3,16,0,0,0,2,0,4,6,0,2,33,3105,"124375",0,0,0
"43",6037113211,3,1,0,0,0,0,0,0,0,0,0,0,1,3888,"91210",0,1,0
"44",6037113212,1,0,4,0,0,0,1,0,1,3,0,0,9,3349,"79315",0,0,0
"45",6037113231,1,0,1,0,0,0,1,0,0,1,0,0,3,2239,"90000",0,0,0
"46",6037113234,1,3,7,0,2,0,5,0,5,10,0,0,32,4654,"47262",0,0,0
"47",6037113322,1,3,45,0,0,2,4,0,3,27,1,0,85,4176,"87675",0,1,0
"48",6037115201,1,0,13,0,0,1,3,0,2,10,0,3,32,6834,"49917",1,0,1
"49",6037115404,1,26,54,0,0,1,23,0,9,28,0,1,142,3005,"42379",0,0,0
"50",6037117102,1,8,17,0,0,0,6,1,4,9,0,0,45,2826,"68050",0,0,0
"51",6037117302,1,4,30,0,0,1,8,0,11,14,0,0,68,5290,"81389",0,0,1
"52",6037117404,1,10,19,0,1,2,8,1,5,14,0,0,60,4526,"87305",0,0,0
"53",6037119002,1,19,12,0,2,4,7,0,8,20,0,2,74,6794,"66400",0,0,0
"54",6037119202,3,29,27,0,0,4,17,0,7,14,0,2,100,4366,"60508",1,0,2
"55",6037119800,1,9,20,0,0,5,6,0,15,13,0,0,68,6140,"73681",0,1,0
"56",6037120105,1,17,32,0,0,2,14,0,4,28,0,3,100,2949,"29167",0,0,0
"57",6037120108,3,106,85,0,0,12,72,1,13,93,0,10,392,4781,"35200",1,1,0
"58",6037120400,1,18,29,0,0,2,18,0,11,30,0,2,110,7166,"37896",0,1,0
"59",6037121010,2,0,5,0,0,0,1,0,0,0,0,0,6,4421,"55490",0,0,2
"60",6037121221,1,3,11,0,0,0,7,0,1,5,0,0,27,2292,"52115",1,1,1
"61",6037121600,3,9,6,0,0,0,0,0,0,7,0,0,22,2758,"86974",0,0,0
"62",6037122000,1,12,17,0,0,1,9,1,4,17,0,0,61,6146,"62610",0,0,0
"63",6037122122,1,20,11,0,0,2,10,0,4,23,0,1,71,2383,"32625",1,0,2
"64",6037122200,1,15,27,0,1,0,6,0,3,6,0,0,58,4015,"53750",0,0,0
"65",6037123520,1,2,10,0,0,0,0,0,3,5,0,1,21,2650,"43672",0,0,0
"66",6037123901,1,11,13,0,0,5,8,0,3,20,0,1,61,4431,"49866",1,1,4
"67",6037124201,1,16,21,0,0,1,9,1,5,18,0,1,72,3044,"53598",0,1,0
"68",6037124204,1,14,13,0,0,3,11,1,5,11,0,2,60,2849,"36682",0,0,0
"69",6037124400,2,1,9,0,0,0,3,0,5,5,0,0,23,4403,"67137",0,0,0
"70",6037125402,1,6,7,0,0,1,2,1,2,5,0,0,24,4234,"70000",1,0,1
"71",6037127210,1,3,3,0,0,0,4,0,1,7,0,1,19,6050,"42571",0,0,1
"72",6037127520,1,65,64,0,0,16,51,2,18,69,0,8,293,4165,"27207",0,0,0
"73",6037127711,1,1,1,0,0,0,3,0,1,2,0,0,8,3682,"55996",0,0,4
"74",6037128101,1,6,12,0,0,0,3,0,5,9,0,2,37,3458,"43935",0,0,0
"75",6037128102,1,31,22,0,1,0,25,0,7,19,0,1,106,4929,"34583",0,0,0
"76",6037128220,1,8,29,0,0,1,6,0,7,11,0,0,62,3084,"45168",0,0,0
"77",6037128303,1,21,24,0,2,4,31,0,6,12,0,6,106,3551,"24183",0,0,0
"78",6037128400,1,7,28,0,0,1,11,0,6,11,0,2,66,4037,"62825",0,0,0
"79",6037128702,1,2,16,0,1,0,0,0,6,7,0,0,32,5758,"68438",1,0,1
"80",6037131600,1,8,15,0,0,1,7,0,0,9,0,1,41,5162,"67656",1,0,0
"81",6037132002,1,4,35,0,0,0,6,1,2,19,0,0,67,3535,"84550",0,0,1
"82",6037132300,1,14,29,0,0,1,14,0,3,25,0,2,88,7527,"40242",0,0,1
"83",6037133100,3,7,16,0,0,2,4,0,4,18,0,2,53,5771,"45540",1,0,1
"84",6037134103,1,7,21,0,0,2,5,0,2,17,0,1,55,4672,"64496",0,1,1
"85",6037134304,1,1,14,0,0,0,2,0,1,4,0,0,22,2928,"71435",0,0,0
"86",6037134306,1,22,10,0,0,4,26,0,7,14,0,0,83,3830,"70595",1,0,1
"87",6037134421,1,0,5,0,0,0,0,0,0,0,0,0,5,3860,"104583",0,0,1
"88",6037134423,3,4,17,0,0,0,1,0,1,10,0,0,33,3472,"98447",0,0,0
"89",6037134424,4,0,4,0,0,2,2,0,1,2,0,0,11,2684,"131750",0,0,0
"90",6037134522,1,37,31,0,1,3,20,0,3,38,1,3,137,3757,"34253",0,0,0
"91",6037134800,1,14,25,0,0,0,5,0,7,20,0,1,72,6614,"61295",0,0,1
"92",6037134904,1,34,50,0,0,7,21,0,6,29,0,4,151,4476,"49483",0,0,0
"93",6037135201,2,8,15,0,0,1,5,0,3,14,0,0,46,2822,"99044",0,0,0
"94",6037135203,3,0,8,0,0,0,2,0,3,7,0,0,20,7345,"89327",0,0,1
"95",6037137103,1,6,13,0,0,1,7,1,5,13,0,2,48,5225,"66235",0,0,1
"96",6037137201,1,14,56,0,0,4,13,0,5,27,0,0,119,6003,"64728",1,0,0
"97",6037137401,3,3,37,0,0,0,2,1,2,8,0,0,53,4290,"104821",0,0,0
"98",6037137402,2,5,59,0,0,2,1,1,3,12,0,0,83,5325,"96348",0,0,0
"99",6037137501,2,6,52,0,1,4,7,2,8,22,0,3,105,4500,"77344",0,0,0
"100",6037137502,1,15,52,0,1,5,11,3,12,36,0,1,136,4294,"81677",0,0,0
"101",6037137504,4,3,12,0,0,1,0,0,3,4,0,0,23,2032,"167917",0,0,0
"102",6037138000,7,0,19,0,0,0,0,0,3,9,0,0,31,4587,"107063",0,0,2
"103",6037139001,1,3,7,0,0,0,3,0,0,4,0,0,17,5043,"74907",0,1,4
"104",6037139303,1,1,25,0,0,1,5,0,2,7,0,1,42,4292,"47076",0,0,0
"105",6037139401,1,8,57,0,0,1,9,1,7,29,0,1,113,2637,"68140",0,0,0
"106",6037139402,1,7,77,0,0,2,6,1,5,16,0,2,116,2917,"88929",0,0,0
"107",6037139701,6,7,37,0,0,4,12,0,13,11,0,1,85,5257,"129196",0,0,2
"108",6037139702,4,0,13,0,0,0,0,0,2,3,0,0,18,5868,"160682",0,0,0
"109",6037139802,2,0,27,0,0,2,0,0,2,7,0,0,38,4014,"139500",0,0,0
"110",6037141102,1,3,23,0,0,0,2,0,9,17,0,1,55,3037,"90685",0,0,0
"111",6037141400,3,6,63,0,1,1,12,0,4,14,0,1,102,4636,"78594",0,0,1
"112",6037141500,1,1,30,0,0,1,0,0,3,4,0,0,39,2985,"180833",0,0,0
"113",6037141600,2,0,27,0,0,0,3,0,2,9,0,0,41,4076,"160455",0,0,0
"114",6037141700,9,3,22,0,0,1,2,0,8,8,0,1,45,3058,"182625",0,0,0
"115",6037143300,1,8,29,0,0,1,6,1,11,36,0,0,92,6824,"71429",0,0,1
"116",6037143500,1,4,66,0,1,1,7,0,22,40,0,1,142,4728,"78558",0,0,0
"117",6037143602,1,4,24,0,0,0,5,0,10,12,0,0,55,4592,"74700",0,0,0
"118",6037143604,6,12,33,0,0,2,4,0,17,27,0,2,97,3405,"64933",0,0,2
"119",6037143700,4,3,37,0,0,3,10,0,1,6,0,1,61,3719,"107625",0,0,0
"120",6037143800,2,8,57,0,0,2,18,0,22,27,0,3,137,5732,"145804",0,0,0
"121",6037143901,4,3,14,0,0,0,0,1,4,13,0,1,36,4239,"151917",0,0,0
"122",6037143902,5,4,30,0,0,0,2,0,8,10,0,0,54,3136,"116808",0,0,0
"123",6037181500,1,1,14,0,0,0,1,1,2,9,0,1,29,3799,"91375",0,1,1
"124",6037181600,1,7,24,0,0,0,1,0,1,6,0,0,39,4633,"68516",0,0,0
"125",6037183104,2,7,3,0,0,0,1,0,6,6,0,0,23,2298,"62917",0,0,0
"126",6037183222,1,10,26,0,0,1,7,0,6,14,0,0,64,3469,"53750",0,0,0
"127",6037183402,1,2,11,0,0,0,2,0,5,2,0,1,23,3069,"57813",1,1,0
"128",6037183620,1,11,12,0,0,0,5,0,3,18,0,1,50,3432,"46544",0,0,1
"129",6037183702,1,4,1,0,0,0,0,0,1,3,0,0,9,3022,"52077",0,0,1
"130",6037183820,1,30,26,0,1,4,11,1,5,20,0,2,100,4049,"29401",1,1,0
"131",6037185202,2,0,2,0,0,0,0,0,0,1,0,0,3,3988,"67782",0,0,0
"132",6037185310,2,0,1,0,0,0,0,0,0,2,0,0,3,3179,"43088",0,0,0
"133",6037185320,1,7,2,0,0,0,0,0,0,3,0,0,12,3075,"37500",0,0,0
"134",6037186203,6,17,43,0,0,4,14,2,12,25,0,1,118,2791,"70288",0,0,1
"135",6037186404,2,17,15,0,0,3,3,0,4,7,0,0,49,2639,"45319",1,1,1
"136",6037187200,4,17,34,0,0,1,5,0,4,16,0,1,78,2879,"45066",0,0,1
"137",6037187300,2,4,8,0,0,0,0,0,2,12,0,0,26,3325,"91528",0,0,1
"138",6037188100,1,1,0,0,0,0,0,0,0,0,0,0,1,3795,"57589",0,0,1
"139",6037188300,2,3,6,0,0,0,4,0,1,11,0,0,25,3527,"84250",0,0,0
"140",6037189400,2,1,9,0,0,1,0,0,1,1,0,0,13,3449,"105361",0,0,0
"141",6037189600,2,2,3,0,0,1,0,0,3,3,0,0,12,3549,"67127",0,0,0
"142",6037189701,3,2,7,0,0,1,1,0,3,1,0,0,15,3783,"82176",0,0,0
"143",6037189702,7,0,1,0,0,0,0,0,1,2,0,0,4,2088,"71958",0,0,2
"144",6037190202,2,0,7,0,0,1,2,0,0,4,0,0,14,3161,"30982",0,0,8
"145",6037190700,2,14,22,0,0,3,18,0,10,19,0,5,91,3292,"31202",0,0,0
"146",6037190802,1,51,36,0,1,9,48,0,9,27,0,27,208,2705,"31156",0,0,1
"147",6037191000,3,73,68,0,1,15,88,0,26,49,0,18,338,4078,"39760",0,0,0
"148",6037191302,1,6,9,0,0,2,3,0,4,9,0,1,34,2390,"38088",0,0,0
"149",6037191720,3,47,25,0,0,5,39,1,6,35,0,5,163,3669,"23125",0,0,0
"150",6037191901,2,48,42,0,1,8,69,0,11,27,0,17,223,3321,"52554",0,0,0
"151",6037191902,1,8,11,0,2,0,15,1,9,12,0,0,58,2805,"90329",1,0,0
"152",6037192620,1,4,6,0,0,0,5,1,0,2,0,0,18,3632,"31571",0,0,0
"153",6037194101,5,1,18,0,0,1,2,0,6,9,0,1,38,3166,"80906",0,0,0
"154",6037194102,9,3,22,0,0,1,2,0,8,7,0,1,44,3678,"128875",0,0,0
"155",6037194200,5,2,18,0,0,1,5,0,9,3,0,1,39,3659,"120000",0,0,0
"156",6037194300,6,0,5,0,0,0,4,1,0,0,0,0,10,3715,"186422",0,0,0
"157",6037195100,1,0,6,0,0,0,0,0,8,11,0,1,26,4963,"135011",0,0,0
"158",6037195400,1,2,21,0,0,0,2,1,13,13,0,2,54,4543,"86900",0,0,0
"159",6037195901,1,24,16,0,0,1,28,0,4,17,0,3,93,2306,"51899",0,0,0
"160",6037195903,3,22,35,0,1,1,18,0,19,46,0,3,145,2345,"45850",0,0,1
"161",6037197200,1,13,8,0,0,1,7,0,5,8,0,1,43,3873,"53611",0,0,0
"162",6037197410,1,7,26,0,0,0,2,0,9,10,0,0,54,4332,"92132",0,1,0
"163",6037197420,2,21,40,0,0,1,10,0,19,26,0,1,118,3506,"45893",0,0,1
"164",6037197700,1,10,3,0,0,0,2,0,1,6,0,0,22,4978,"31110",0,0,0
"165",6037199000,5,20,15,0,0,0,16,1,2,10,0,2,66,5770,"44215",0,1,1
"166",6037199201,2,1,1,0,0,1,5,0,0,6,0,0,14,4032,"33517",0,0,0
"167",6037199300,1,4,12,0,0,1,3,0,4,8,0,0,32,3459,"52857",0,0,1
"168",6037199400,9,44,43,0,1,3,15,0,12,48,0,2,168,4385,"38244",0,0,0
"169",6037199800,3,36,18,0,0,3,18,0,8,26,0,0,109,4958,"27452",0,0,0
"170",6037199900,1,38,7,0,0,0,19,1,5,30,0,4,104,2642,"32019",0,0,1
"171",6037201301,2,4,4,0,0,1,2,0,0,1,0,0,12,3668,"42878",0,0,4
"172",6037201302,3,9,11,0,0,0,4,0,2,26,0,0,52,4016,"66316",0,0,1
"173",6037201401,1,23,18,0,0,2,5,0,3,12,0,1,64,5079,"42635",0,0,0
"174",6037201402,1,2,6,0,0,1,1,0,0,5,0,0,15,4749,"55000",0,0,1
"175",6037201601,1,6,5,0,0,3,2,0,4,5,0,0,25,2112,"59013",1,0,1
"176",6037201700,1,11,11,0,0,2,5,1,2,8,0,0,40,6006,"57500",0,0,0
"177",6037203300,1,17,2,0,0,2,4,0,3,7,0,1,36,2082,"31118",1,1,3
"178",6037203710,2,14,4,0,0,0,3,0,0,7,0,1,29,3494,"36037",0,1,1
"179",6037204420,1,53,17,0,0,3,29,1,6,27,0,1,137,3096,"22852",0,1,0
"180",6037204600,1,36,14,0,0,5,17,0,0,16,0,4,92,4322,"34332",0,0,0
"181",6037204700,1,13,7,0,0,0,3,0,0,3,0,2,28,4940,"40083",1,0,0
"182",6037204810,1,17,4,0,0,1,3,0,2,3,0,0,30,4768,"37519",0,1,0
"183",6037205110,1,11,4,0,0,0,9,0,1,10,0,1,36,3994,"41344",0,0,0
"184",6037205120,2,39,20,0,0,2,16,0,8,35,0,2,122,3554,"27326",1,2,1
"185",6037206010,3,7,7,0,0,0,2,0,0,11,0,0,27,3305,"19313",1,1,0
"186",6037206032,5,56,19,0,0,3,27,1,9,36,0,1,152,5501,"31336",1,1,4
"187",6037206050,1,54,41,0,0,4,35,0,11,36,0,1,182,2342,"21700",0,0,0
"188",6037206300,1,14,27,0,0,1,3,0,6,12,0,3,66,5558,"10419",0,0,0
"189",6037207103,1,12,5,0,0,2,5,0,5,5,0,1,35,2367,"23603",0,0,0
"190",6037207400,4,52,41,0,1,9,36,1,13,25,0,13,191,1064,"-",0,1,1
"191",6037207502,5,202,43,0,1,15,191,0,6,34,2,44,538,2610,"15350",0,0,0
"192",6037208000,1,12,31,0,1,3,14,0,12,16,0,2,91,7248,"38152",0,0,0
"193",6037208402,1,16,10,0,0,1,17,0,6,13,0,1,64,2908,"37457",1,1,2
"194",6037209104,4,29,19,0,1,5,23,0,5,36,0,4,122,2499,"19887",1,1,0
"195",6037209200,6,105,76,0,2,14,108,1,17,31,2,35,391,3584,"37548",0,0,1
"196",6037209300,1,22,32,0,0,4,25,1,6,22,0,4,116,4826,"25191",1,0,0
"197",6037210010,1,66,52,0,1,5,64,0,7,35,0,15,245,3626,"24323",0,0,0
"198",6037211320,1,8,3,0,0,2,3,0,2,8,0,1,27,3117,"30018",0,0,0
"199",6037211804,1,6,33,0,0,1,8,0,2,8,0,2,60,3193,"32235",0,0,0
"200",6037212204,2,62,34,0,0,8,56,1,5,32,0,7,205,3627,"25104",0,0,1
"201",6037212304,1,6,4,0,0,1,32,0,2,8,0,1,54,1791,"26005",0,0,1
"202",6037212900,1,0,5,0,0,3,4,0,1,4,0,0,17,4927,"40346",0,0,0
"203",6037213401,2,79,60,0,0,11,67,0,7,48,0,12,284,5290,"31419",0,0,1
"204",6037213402,1,91,54,0,2,9,58,1,6,57,0,16,294,4528,"33398",0,0,0
"205",6037215102,1,7,70,0,0,0,13,0,14,11,0,4,119,3052,"59018",1,1,1
"206",6037216100,1,5,14,0,1,1,3,0,5,4,0,0,33,2804,"96552",0,0,0
"207",6037216300,1,3,29,0,0,1,9,0,6,8,0,2,58,4822,"84063",0,0,0
"208",6037216800,1,5,22,0,0,0,4,0,3,2,0,0,36,3189,"82063",0,0,0
"209",6037218220,2,17,17,0,0,3,20,0,11,17,0,4,89,4666,"41276",1,1,0
"210",6037218702,1,17,11,0,0,4,3,0,2,15,0,0,52,2318,"35330",0,0,0
"211",6037218800,1,5,7,0,1,0,3,0,0,4,0,2,22,3024,"46198",0,0,0
"212",6037218900,1,8,11,0,0,0,9,0,3,5,0,2,38,5638,"34304",0,0,0
"213",6037220000,1,41,45,0,0,5,36,0,10,32,0,8,177,5312,"43333",0,0,0
"214",6037220100,1,10,29,0,0,2,17,0,4,13,0,1,76,2375,"39663",0,1,0
"215",6037221303,1,9,18,0,0,0,11,1,2,15,0,1,57,2710,"28125",0,1,0
"216",6037221304,1,29,57,0,0,4,35,0,7,42,0,15,189,3954,"40947",0,0,0
"217",6037221602,1,9,10,0,0,0,4,0,0,3,0,3,29,2865,"25625",0,1,0
"218",6037222001,2,17,11,0,0,2,10,0,5,5,0,0,50,3068,"50179",0,0,1
"219",6037222002,1,35,16,0,0,2,7,0,5,12,0,1,78,4882,"42431",0,0,0
"220",6037222200,2,45,29,0,1,5,33,1,11,41,0,3,169,3765,"34142",0,0,0
"221",6037222600,2,19,19,0,0,3,14,0,7,22,0,1,85,5496,"26188",0,0,0
"222",6037222700,2,9,9,0,0,1,12,0,2,7,0,2,42,4056,"6875",0,0,0
"223",6037224010,1,37,12,0,1,5,18,0,13,29,0,7,122,2471,"19976",0,0,0
"224",6037224310,1,33,18,0,0,1,55,0,9,24,0,7,147,2117,"30000",0,0,1
"225",6037224410,1,32,8,0,0,2,29,0,3,14,0,8,96,3282,"26582",0,0,0
"226",6037224420,3,32,8,0,1,5,24,0,4,24,0,5,103,2409,"22563",0,1,0
"227",6037224700,4,43,64,0,1,8,29,0,10,39,1,11,206,6541,"10042",0,0,3
"228",6037226002,1,199,62,0,1,17,171,0,17,64,0,33,564,1761,"29375",0,0,0
"229",6037226700,1,14,4,0,0,1,18,0,1,14,0,4,56,6776,"32034",0,0,0
"230",6037227020,1,31,12,0,0,3,25,0,10,22,0,10,113,3539,"34375",1,1,0
"231",6037228220,2,16,2,0,0,1,4,0,2,7,0,1,33,4300,"31542",1,1,5
"232",6037228600,1,24,11,0,1,0,24,0,6,14,1,4,85,4995,"33594",0,0,0
"233",6037229100,1,23,11,0,0,0,17,1,2,6,0,3,63,4892,"42518",0,1,0
"234",6037229200,2,34,7,0,0,1,20,0,4,16,0,5,87,4414,"25598",0,0,0
"235",6037229420,2,38,23,0,0,1,50,0,6,31,0,12,161,4786,"31182",0,0,0
"236",6037231100,1,27,35,0,0,3,16,0,4,19,0,8,112,3516,"26250",0,0,0
"237",6037231400,1,12,21,0,2,2,21,0,3,12,0,7,80,5198,"35814",0,1,0
"238",6037231600,2,19,9,0,1,0,8,0,2,6,0,1,46,6957,"35731",0,0,1
"239",6037231720,1,12,7,0,0,0,8,0,1,6,0,4,38,4789,"29773",1,0,1
"240",6037231800,1,54,13,0,0,2,60,0,6,27,0,6,168,4944,"27083",0,0,0
"241",6037231900,1,24,18,0,0,1,18,0,4,18,0,4,87,5454,"25854",0,0,0
"242",6037232600,1,22,19,0,0,0,21,0,4,19,0,3,88,6073,"27388",0,0,1
"243",6037232700,1,19,6,0,0,2,11,0,4,8,0,1,51,5968,"28125",0,0,0
"244",6037232800,2,86,37,0,1,9,78,0,8,48,0,12,279,3931,"29730",1,1,0
"245",6037234502,1,48,43,0,1,2,32,0,4,30,0,6,166,2721,"30489",0,0,0
"246",6037234600,1,16,10,0,0,2,15,0,3,10,0,1,57,5051,"36625",0,0,0
"247",6037235201,1,5,4,0,0,0,0,0,0,2,0,0,11,2677,"38250",0,0,0
"248",6037236000,1,7,9,0,0,0,6,0,1,4,0,0,27,4627,"78112",0,0,8
"249",6037236203,1,27,32,0,1,1,32,0,1,16,0,4,114,3399,"29042",0,0,0
"250",6037236204,1,94,61,0,1,7,79,0,9,37,0,11,299,3087,"23220",1,1,1
"251",6037236400,2,48,58,0,0,7,24,2,13,40,0,4,196,4293,"60275",0,1,0
"252",6037237202,2,104,29,0,1,6,76,1,13,48,0,17,295,4714,"36496",1,1,1
"253",6037237402,2,26,13,0,0,3,37,0,5,17,1,5,107,3030,"36125",1,0,0
"254",6037237710,1,8,2,0,0,0,5,0,1,9,0,3,28,3281,"25234",0,0,0
"255",6037238310,1,18,8,0,0,3,18,0,1,8,0,8,64,4927,"24369",0,0,0
"256",6037238320,1,21,19,0,1,1,8,0,4,23,0,3,80,4133,"24420",0,0,0
"257",6037238400,1,79,26,0,1,8,43,1,11,15,0,5,189,5334,"52036",0,0,0
"258",6037239201,1,54,26,0,0,7,52,1,4,26,0,7,177,3808,"31250",0,0,0
"259",6037239202,1,22,20,0,2,1,34,1,7,29,1,3,120,5347,"32647",0,0,1
"260",6037239330,2,15,10,0,0,0,16,0,4,15,0,4,64,3148,"36569",0,0,0
"261",6037239601,1,29,23,0,1,2,37,0,3,28,0,4,127,3644,"34477",0,0,0
"262",6037239701,1,34,23,0,1,1,63,0,1,17,1,12,153,4768,"30915",0,0,0
"263",6037239802,1,27,10,0,0,2,13,0,2,8,0,1,63,5102,"37639",1,0,0
"264",6037240200,1,85,45,0,2,3,53,0,6,30,0,11,235,5259,"26437",0,0,0
"265",6037240600,1,44,35,0,0,2,30,0,1,25,0,4,141,5685,"34240",0,0,0
"266",6037240700,1,10,12,0,0,3,11,0,1,8,0,2,47,6182,"39265",1,0,1
"267",6037241201,1,39,21,0,0,7,26,0,3,16,0,10,122,2884,"41705",0,0,0
"268",6037241400,1,48,27,0,0,7,40,0,3,23,0,12,160,3377,"29038",0,0,0
"269",6037242700,1,16,12,0,0,2,9,0,1,6,0,1,47,5969,"34722",1,1,0
"270",6037243000,1,18,6,0,0,0,7,0,0,2,0,1,34,7147,"42470",0,0,0
"271",6037243100,3,24,12,0,0,1,17,0,1,7,0,3,65,6459,"23698",0,0,0
"272",6037261101,5,0,12,0,0,0,0,0,1,5,0,0,18,3785,"202014",0,0,0
"273",6037261102,1,2,6,0,0,1,0,0,1,0,0,0,10,3969,"165875",0,0,0
"274",6037261200,9,3,11,0,0,0,1,0,1,2,0,0,18,4140,"156250",0,0,0
"275",6037262100,3,0,2,0,0,0,0,0,1,2,0,0,5,2959,"168409",0,0,0
"276",6037262200,3,2,3,0,0,0,0,0,0,3,0,0,8,4856,"193877",0,0,0
"277",6037262301,1,0,0,0,0,0,0,0,0,1,0,0,1,3048,"212083",0,0,0
"278",6037262302,2,0,9,0,0,1,0,0,2,4,0,0,16,3040,"155559",0,0,0
"279",6037262400,6,0,3,0,0,0,0,0,0,1,0,0,4,2949,"250000",0,0,0
"280",6037262501,7,1,13,0,0,0,2,0,4,6,0,0,26,4122,"168472",0,0,2
"281",6037262601,1,0,2,0,0,0,0,0,0,4,0,0,6,3497,"191625",0,0,1
"282",6037262604,2,0,4,0,0,1,2,0,2,7,0,0,16,6477,"165987",0,0,0
"283",6037262704,6,2,23,0,0,0,4,0,7,7,0,0,43,3427,"100461",0,0,0
"284",6037262706,3,2,24,0,0,1,0,0,5,9,0,0,41,3730,"183646",0,2,1
"285",6037265420,2,4,49,0,0,5,1,0,6,14,0,1,80,1960,"166500",0,0,0
"286",6037265602,1,3,17,0,1,5,9,1,13,13,0,1,63,2904,"109049",0,0,0
"287",6037265700,2,1,12,0,0,1,0,0,4,11,0,0,29,5380,"86250",0,0,2
"288",6037267700,2,10,26,0,0,1,13,0,13,26,0,1,90,3314,"80826",1,1,1
"289",6037269300,2,2,22,0,0,0,1,2,11,15,0,0,53,4170,"154114",1,2,0
"290",6037269602,1,2,14,0,0,0,1,0,5,10,0,1,33,2785,"53210",0,1,0
"291",6037269800,2,0,10,0,0,0,0,0,3,1,0,0,14,3263,"54238",0,0,1
"292",6037270200,1,8,71,0,0,1,24,0,4,14,0,2,124,3576,"52708",0,0,1
"293",6037270300,4,27,72,0,0,7,22,0,12,25,0,5,170,2542,"68859",1,1,0
"294",6037271702,1,7,25,0,0,1,10,0,4,16,0,2,65,4390,"56531",0,0,0
"295",6037271802,1,7,31,0,0,2,16,3,20,42,0,3,124,5997,"60610",0,0,0
"296",6037271902,2,1,7,0,0,0,1,0,5,6,0,0,20,4265,"69638",1,2,1
"297",6037273600,1,11,8,0,0,2,3,0,0,8,0,1,33,2334,"119464",0,0,0
"298",6037273902,12,57,78,0,0,6,39,1,17,26,0,6,230,3839,"98264",0,0,6
"299",6037274100,1,6,35,0,0,2,13,0,7,12,1,3,79,4244,"106090",0,0,0
"300",6037275302,1,2,11,0,0,0,3,0,2,5,0,0,23,4990,"83750",0,0,0
"301",6037275400,2,20,35,0,0,2,9,1,13,19,0,1,100,3591,"116542",1,0,1
"302",6037275602,1,5,19,0,0,0,6,0,4,3,0,0,37,8905,"106587",0,0,0
"303",6037275603,1,33,52,0,1,1,6,0,2,11,0,1,107,2793,"71685",0,0,1
"304",6037276601,1,1,3,0,0,0,0,0,0,2,0,0,6,4119,"106389",0,0,0
"305",6037276603,1,0,10,0,0,0,1,0,3,9,0,0,23,5238,"73256",0,0,0
"306",6037276604,1,11,40,0,0,1,13,0,9,33,0,1,108,4106,"63060",1,2,0
"307",6037277200,1,8,30,0,0,2,11,0,16,19,0,1,87,2437,"59813",0,0,0
"308",6037278001,1,4,28,0,0,1,16,0,11,22,0,1,83,2567,"78426",0,0,0
"309",6037278102,6,3,28,0,0,4,4,1,4,10,0,0,54,3134,"129914",0,0,1
"310",6037292000,1,9,21,0,1,0,9,1,5,12,0,1,59,6563,"39219",0,0,0
"311",6037293306,1,0,0,0,0,0,0,0,0,0,0,0,0,2414,"81959",0,0,0
"312",6037294421,1,28,28,0,0,4,15,1,6,25,1,1,109,3048,"46350",1,0,7
"313",6037294510,1,9,25,0,0,0,7,0,2,8,0,1,52,5023,"47426",0,0,0
"314",6037294610,2,10,17,0,0,0,1,0,5,4,0,0,37,4311,"35709",1,1,2
"315",6037294620,2,8,5,0,0,2,4,0,1,0,0,1,21,4658,"41100",0,0,0
"316",6037294701,1,4,13,0,0,0,2,1,2,9,0,0,31,3148,"27104",0,1,0
"317",6037294820,2,24,26,0,0,5,12,0,1,15,0,2,85,3742,"32060",0,0,0
"318",6037294830,1,46,22,0,1,3,34,0,6,26,0,4,142,3908,"31830",0,0,0
"319",6037294900,2,53,38,0,1,6,29,0,4,22,0,9,162,3661,"39531",0,0,2
"320",6037295103,1,0,2,0,0,0,0,0,0,0,0,0,2,4890,"102073",0,0,1
"321",6037296220,2,1,4,0,0,0,2,0,3,2,0,0,12,4226,"27345",0,0,0
"322",6037296300,2,0,11,0,0,0,1,0,0,9,0,0,21,4792,"87070",0,0,0
"323",6037296401,2,0,2,0,0,0,0,0,2,1,0,0,5,3280,"78125",0,0,2
"324",6037296500,2,6,14,0,0,2,5,1,9,15,0,0,52,4113,"36378",0,0,0
"325",6037296600,1,4,7,0,0,0,7,0,0,5,0,0,23,5015,"29559",0,0,0
"326",6037297110,3,33,26,0,0,1,39,1,7,34,0,2,143,4850,"32279",0,0,0
"327",6037297120,4,18,23,0,0,2,22,1,3,23,1,2,95,3560,"44005",0,1,0
"328",6037297201,1,21,26,0,0,4,7,2,0,19,0,2,81,4003,"61292",0,0,0
"329",6037297400,5,1,10,0,0,0,3,1,3,4,0,0,22,3703,"93073",0,0,2
"330",6037297601,1,0,0,0,0,0,0,0,0,0,0,0,0,2559,"57857",0,0,0
"331",6037297602,7,32,53,0,0,3,21,0,14,53,0,1,177,3929,"61637",2,0,6
"332",6037300100,1,0,0,0,0,0,0,0,0,0,0,0,0,5917,"118286",0,0,0
"333",6037300200,1,0,0,0,0,0,0,0,0,0,0,0,0,5629,"83203",0,0,2
"334",6037300301,2,0,0,0,0,0,0,0,0,0,0,0,0,6199,"105779",0,0,0
"335",6037300400,8,0,0,0,0,0,0,0,0,0,0,0,0,5767,"81201",0,0,9
"336",6037300502,5,0,0,0,0,0,0,0,0,0,0,0,0,5827,"73819",0,0,3
"337",6037300600,4,0,0,0,0,0,0,0,0,0,0,0,0,9197,"63447",0,0,0
"338",6037300701,3,0,0,0,0,0,0,0,0,0,0,0,0,6269,"122644",0,0,0
"339",6037300800,2,0,0,0,0,0,0,0,0,0,0,0,0,7836,"90253",0,0,1
"340",6037300901,1,0,0,0,0,0,0,0,0,0,0,0,0,6366,"159923",0,0,0
"341",6037300902,8,0,0,0,0,0,0,0,0,1,0,0,1,2075,"130893",1,0,1
"342",6037301000,1,0,0,0,0,0,0,0,0,0,0,0,0,4945,"52298",0,0,0
"343",6037301204,1,0,0,0,0,0,0,0,0,0,0,0,0,5096,"50175",0,0,0
"344",6037301300,4,0,0,0,0,0,0,0,0,0,0,0,0,1932,"133507",0,0,1
"345",6037301400,1,0,0,0,0,0,0,0,0,0,0,0,0,3734,"109643",1,0,2
"346",6037301602,3,1,1,0,0,0,1,0,2,4,0,0,9,4290,"53849",0,0,0
"347",6037301701,1,0,0,0,0,0,0,0,0,0,0,0,0,3123,"69593",0,0,1
"348",6037301802,1,0,0,0,0,0,0,0,0,0,0,0,0,3728,"39091",1,0,2
"349",6037301900,1,0,0,0,0,0,0,0,0,0,0,0,0,8099,"49797",0,0,1
"350",6037302104,1,1,7,0,0,0,4,0,2,6,0,0,20,4166,"54375",0,0,1
"351",6037302201,1,0,0,0,0,0,0,0,0,0,0,0,0,3794,"22750",0,0,0
"352",6037302202,1,0,0,0,0,0,0,0,0,0,0,0,0,5157,"35270",0,0,0
"353",6037302301,3,0,0,0,0,0,0,0,0,1,0,0,1,4347,"56050",0,0,0
"354",6037302302,2,6,5,0,0,0,0,0,2,1,0,0,14,5212,"45321",0,0,0
"355",6037302401,3,5,4,0,0,0,4,0,3,5,0,0,21,6431,"35187",1,3,2
"356",6037302504,4,0,0,0,0,0,0,0,0,0,0,0,0,4324,"33314",0,1,1
"357",6037302506,7,9,5,0,0,2,3,0,2,12,0,1,34,3453,"54595",1,0,3
"358",6037310100,2,0,0,0,0,0,0,0,0,0,0,0,0,5982,"131016",0,0,0
"359",6037310201,2,0,0,0,0,0,0,0,0,0,0,0,0,5533,"70997",0,0,0
"360",6037310202,2,0,0,0,0,0,0,0,0,0,0,0,0,5023,"68781",0,0,0
"361",6037310300,3,0,0,0,0,0,0,0,0,0,0,0,0,2824,"135714",0,0,0
"362",6037310400,1,0,1,0,0,0,0,0,1,2,0,0,4,3238,"71953",0,0,1
"363",6037310501,1,0,0,0,0,0,0,0,0,0,0,0,0,3908,"53793",0,0,1
"364",6037310602,1,0,0,0,0,0,0,0,0,0,0,0,0,2594,"86875",0,0,0
"365",6037310701,1,0,0,0,0,0,0,0,0,0,0,0,0,2374,"24728",1,1,1
"366",6037310703,1,0,0,0,0,0,0,0,0,0,0,0,0,5033,"37500",0,0,2
"367",6037310900,1,0,0,0,0,0,0,0,0,0,0,0,0,5990,"74667",0,0,0
"368",6037311000,2,0,0,0,0,0,0,0,0,0,0,0,0,3953,"84167",0,0,2
"369",6037311100,2,4,8,0,0,1,2,0,1,6,0,1,23,4186,"97993",0,0,2
"370",6037311200,4,5,7,0,0,2,5,0,1,6,0,0,26,3244,"76454",0,0,1
"371",6037311500,2,0,0,0,0,0,0,0,0,0,0,0,0,5492,"78333",2,1,1
"372",6037311600,1,1,0,0,0,0,0,0,0,0,0,0,1,6631,"74804",0,0,0
"373",6037311700,2,0,0,0,0,0,0,0,0,1,0,0,1,6069,"79818",0,0,1
"374",6037311801,1,0,0,0,0,0,0,0,0,0,0,0,0,3139,"56550",0,0,1
"375",6037311802,4,0,0,0,0,0,0,0,0,0,0,0,0,3755,"51103",0,1,2
"376",6037320000,1,2,28,0,0,1,5,0,8,17,0,1,62,0,"-",0,0,0
"377",6037320100,1,13,15,0,0,0,4,1,2,12,0,0,47,7605,"64583",0,0,0
"378",6037320202,3,6,3,0,0,0,3,0,0,2,0,0,14,5966,"70735",2,0,2
"379",6037320300,4,14,14,0,1,1,9,0,3,9,0,1,52,6665,"46096",0,1,1
"380",6037400204,2,0,0,0,0,0,0,0,0,0,0,0,0,6252,"109151",0,0,0
"381",6037400205,1,0,0,0,0,0,0,0,0,0,0,0,0,2972,"156898",0,0,0
"382",6037400206,3,0,0,0,0,0,0,0,0,0,0,0,0,5402,"117500",0,0,1
"383",6037400207,9,0,0,0,0,0,0,0,0,0,0,0,0,4793,"125052",0,0,1
"384",6037400304,5,0,0,0,0,0,0,0,0,0,0,0,0,7171,"71030",0,0,1
"385",6037400404,3,0,0,0,0,0,0,0,0,0,0,0,0,4517,"124333",0,0,0
"386",6037400602,4,0,0,0,0,0,0,0,0,0,0,0,0,4079,"56786",0,0,3
"387",6037400603,1,0,0,0,0,0,0,0,0,0,0,0,0,5413,"74038",0,0,0
"388",6037400604,9,0,0,0,0,0,0,0,0,0,0,0,0,3205,"74635",0,0,2
"389",6037400800,7,0,0,0,0,0,0,0,0,0,0,0,0,6216,"78214",0,0,2
"390",6037400900,2,0,0,0,0,0,0,0,0,0,0,0,0,4155,"71250",0,0,0
"391",6037401001,3,0,0,0,0,0,0,0,0,0,0,0,0,3265,"104688",0,0,1
"392",6037401101,1,0,0,0,0,0,0,0,0,0,0,0,0,5416,"55634",0,0,1
"393",6037401102,1,0,0,0,0,0,0,0,0,0,0,0,0,3025,"60655",0,0,1
"394",6037401202,2,0,0,0,0,0,0,0,0,0,0,0,0,4747,"90900",0,0,3
"395",6037401203,1,0,0,0,0,0,0,0,0,0,0,0,0,5454,"67986",0,0,0
"396",6037401311,3,0,0,0,0,0,0,0,0,0,0,0,0,6108,"76755",0,0,1
"397",6037401312,5,0,0,0,0,0,0,0,0,0,0,0,0,5643,"66786",0,0,1
"398",6037401500,2,0,0,0,0,0,0,0,0,0,0,0,0,6100,"70446",0,0,0
"399",6037401601,2,0,0,0,0,0,0,0,0,0,0,0,0,5247,"60885",0,0,0
"400",6037401602,2,0,0,0,0,0,0,0,0,0,0,0,0,6033,"64511",1,1,3
"401",6037401603,4,0,0,0,0,0,0,0,0,0,0,0,0,2671,"55718",0,0,3
"402",6037401701,1,0,0,0,0,0,0,0,0,0,0,0,0,4211,"62063",0,0,1
"403",6037401703,1,0,0,0,0,0,0,0,0,0,0,0,0,4559,"55119",0,0,0
"404",6037401704,1,0,0,0,0,0,0,0,0,0,0,0,0,6001,"52240",0,0,0
"405",6037401800,2,0,0,0,0,0,0,0,0,0,0,0,0,8016,"100354",0,0,1
"406",6037401902,3,0,0,0,0,0,0,0,0,0,0,0,0,5901,"80878",0,0,3
"407",6037402002,4,0,0,0,0,0,0,0,0,0,0,0,0,4358,"57557",0,0,3
"408",6037402101,1,0,0,0,0,0,0,0,0,0,0,0,0,5266,"67411",0,0,0
"409",6037402102,2,0,0,0,0,0,0,0,0,0,0,0,0,5010,"65797",0,0,2
"410",6037402303,1,0,0,0,0,0,0,0,0,0,0,0,0,4129,"37786",1,0,1
"411",6037402304,1,0,0,0,0,0,0,0,0,0,0,0,0,4106,"33250",0,0,0
"412",6037402402,1,0,0,0,0,0,0,0,0,0,0,0,0,6490,"49670",0,0,2
"413",6037402404,1,0,0,0,0,0,0,0,0,0,0,0,0,2011,"-",0,0,1
"414",6037402406,1,0,0,0,0,0,0,0,0,0,0,0,0,5085,"45544",0,0,1
"415",6037402501,1,0,0,0,0,0,0,0,0,0,0,0,0,5686,"36453",0,0,0
"416",6037402502,2,0,0,0,0,0,0,0,0,0,0,0,0,6552,"40774",0,0,1
"417",6037402600,1,0,0,0,0,0,0,0,0,0,0,0,0,7153,"42297",0,0,1
"418",6037402703,2,0,0,0,0,0,0,0,0,0,0,0,0,4743,"65227",0,0,1
"419",6037402705,1,0,0,0,0,0,0,0,0,0,0,0,0,3565,"65833",0,0,1
"420",6037402706,1,0,0,0,0,0,0,0,0,0,0,0,0,4116,"58839",0,0,1
"421",6037402801,1,0,0,0,0,0,0,0,0,0,0,0,0,5192,"34208",0,0,0
"422",6037402903,1,0,0,0,0,0,0,0,0,0,0,0,0,4601,"46685",1,0,1
"423",6037402904,2,0,0,0,0,0,0,0,0,0,0,0,0,3647,"61103",0,0,1
"424",6037403000,2,0,0,0,0,0,0,0,0,0,0,0,0,6849,"51594",0,0,1
"425",6037403304,1,0,0,0,0,0,0,0,0,0,0,0,0,5038,"81607",0,0,0
"426",6037403305,3,0,0,0,0,0,0,0,0,0,0,0,0,2297,"74643",0,0,2
"427",6037403316,1,0,0,0,0,0,0,0,0,0,0,0,0,6836,"82536",0,0,1
"428",6037403317,2,0,0,0,0,0,0,0,0,0,0,0,0,4659,"86229",0,0,2
"429",6037403318,3,0,0,0,0,0,0,0,0,0,0,0,0,6434,"85357",0,0,2
"430",6037403319,2,0,0,0,0,0,0,0,0,0,0,0,0,4400,"69737",0,0,1
"431",6037403320,5,0,0,0,0,0,0,0,0,0,0,0,0,5171,"87214",0,0,1
"432",6037403321,2,0,0,0,0,0,0,0,0,0,0,0,0,6494,"98413",0,0,0
"433",6037403323,1,0,0,0,0,0,0,0,0,0,0,0,0,5395,"92802",0,0,1
"434",6037403402,1,0,0,0,0,0,0,0,0,0,0,0,0,3562,"94028",0,0,1
"435",6037403403,2,0,0,0,0,0,0,0,0,0,0,0,0,4862,"117375",0,0,1
"436",6037403404,3,0,0,0,0,0,0,0,0,0,0,0,0,2640,"117935",0,1,3
"437",6037403406,3,0,0,0,0,0,0,0,0,0,0,0,0,2964,"66354",0,0,0
"438",6037403407,2,0,0,0,0,0,0,0,0,0,0,0,0,2128,"121023",0,0,0
"439",6037403408,2,0,0,0,0,0,0,0,0,0,0,0,0,6612,"92029",0,0,1
"440",6037403500,1,0,0,0,0,0,0,0,0,0,0,0,0,1829,"88125",0,0,0
"441",6037403600,2,0,0,0,0,0,0,0,0,0,0,0,0,7073,"69970",0,0,1
"442",6037403703,3,0,0,0,0,0,0,0,0,0,0,0,0,4853,"84673",0,0,0
"443",6037403722,1,0,0,0,0,0,0,0,0,0,0,0,0,5906,"51099",0,0,1
"444",6037403801,1,0,0,0,0,0,0,0,0,0,0,0,0,6393,"70204",0,0,1
"445",6037403802,1,0,0,0,0,0,0,0,0,0,0,0,0,6178,"61589",0,0,1
"446",6037403901,1,0,0,0,0,0,0,0,0,0,0,0,0,3400,"67029",0,0,0
"447",6037403902,2,0,0,0,0,0,0,0,0,0,0,0,0,4886,"68149",0,0,0
"448",6037404100,1,0,0,0,0,0,0,0,0,0,0,0,0,7168,"64810",0,0,0
"449",6037404202,2,0,0,0,0,0,0,0,0,0,0,0,0,3977,"50284",0,0,2
"450",6037404301,4,0,0,0,0,0,0,0,0,0,0,0,0,5695,"49080",3,0,2
"451",6037404401,3,0,0,0,0,0,0,0,0,0,0,0,0,3917,"57174",0,2,3
"452",6037404402,1,0,0,0,0,0,0,0,0,0,0,0,0,4740,"67219",0,0,1
"453",6037404501,1,0,0,0,0,0,0,0,0,0,0,0,0,2475,"50893",0,0,0
"454",6037404504,2,0,0,0,0,0,0,0,0,0,0,0,0,4731,"39175",0,0,2
"455",6037405202,1,0,0,0,0,0,0,0,0,0,0,0,0,5180,"58958",1,1,1
"456",6037405302,1,0,0,0,0,0,0,0,0,0,0,0,0,6135,"61485",0,0,2
"457",6037405400,1,0,0,0,0,0,0,0,0,0,0,0,0,5360,"83996",0,0,0
"458",6037405500,1,0,0,0,0,0,0,0,0,0,0,0,0,6761,"74896",0,0,1
"459",6037405600,1,0,0,0,0,0,0,0,0,0,0,0,0,5679,"90250",0,0,1
"460",6037405800,1,0,0,0,0,0,0,0,0,0,0,0,0,5681,"67500",0,0,1
"461",6037406000,1,0,0,0,0,0,0,0,0,0,0,0,0,5112,"68750",0,0,1
"462",6037406101,2,0,0,0,0,0,0,0,0,0,0,0,0,3421,"70132",0,0,1
"463",6037406102,2,0,0,0,0,0,0,0,0,0,0,0,0,5757,"46607",2,0,2
"464",6037406200,2,0,0,0,0,0,0,0,0,0,0,0,0,5792,"39698",0,0,2
"465",6037406300,2,0,0,0,0,0,0,0,0,0,0,0,0,5475,"93707",0,0,0
"466",6037406412,1,0,0,0,0,0,0,0,0,0,0,0,0,2494,"90227",0,0,1
"467",6037406601,1,0,0,0,0,0,0,0,0,0,0,0,0,5456,"86759",0,1,1
"468",6037406602,1,0,0,0,0,0,0,0,0,0,0,0,0,5774,"69741",0,0,1
"469",6037406702,1,0,0,0,0,0,0,0,0,0,0,0,0,5906,"69743",0,0,0
"470",6037406800,2,0,0,0,0,0,0,0,0,0,0,0,0,4840,"70673",0,0,0
"471",6037407001,1,0,0,0,0,0,0,0,0,0,0,0,0,6471,"81538",0,0,1
"472",6037407002,1,0,0,0,0,0,0,0,0,0,0,0,0,3635,"63015",0,0,1
"473",6037407302,1,0,0,0,0,0,0,0,0,0,0,0,0,3889,"64191",0,0,2
"474",6037407702,2,0,0,0,0,0,0,0,0,0,0,0,0,6818,"70938",0,1,2
"475",6037407802,2,0,0,0,0,0,0,0,0,0,0,0,0,4210,"73446",0,0,0
"476",6037408004,3,0,0,0,0,0,0,0,0,0,0,0,0,2563,"64242",0,0,1
"477",6037408005,1,0,0,0,0,0,0,0,0,0,0,0,0,4822,"86369",0,0,0
"478",6037408006,3,0,0,0,0,0,0,0,0,0,0,0,0,3667,"52650",0,0,1
"479",6037408135,2,0,0,0,0,0,0,0,0,0,0,0,0,3851,"85186",0,0,2
"480",6037408136,1,0,0,0,0,0,0,0,0,0,0,0,0,3792,"60491",0,0,1
"481",6037408137,2,0,0,0,0,0,0,0,0,0,0,0,0,3958,"61125",0,0,1
"482",6037408138,1,0,0,0,0,0,0,0,0,0,0,0,0,6046,"46122",0,0,1
"483",6037408141,1,0,0,0,0,0,0,0,0,0,0,0,0,5230,"60746",0,0,1
"484",6037408212,1,0,0,0,0,0,0,0,0,0,0,0,0,5112,"64779",0,0,0
"485",6037408301,2,0,0,0,0,0,0,0,0,0,0,0,0,5789,"66767",0,1,3
"486",6037408303,2,0,0,0,0,0,0,0,0,0,0,0,0,4334,"75319",0,0,0
"487",6037408401,1,0,0,0,0,0,0,0,0,0,0,0,0,4117,"65199",0,0,1
"488",6037408402,2,0,0,0,0,0,0,0,0,0,0,0,0,5592,"89531",0,0,1
"489",6037408505,2,0,0,0,0,0,0,0,0,0,0,0,0,2633,"107500",0,0,3
"490",6037408623,1,0,0,0,0,0,0,0,0,0,0,0,0,3210,"61979",0,0,0
"491",6037408626,1,0,0,0,0,0,0,0,0,0,0,0,0,4558,"75300",0,0,0
"492",6037408627,6,0,0,0,0,0,0,0,0,0,0,0,0,3157,"89600",0,0,18
"493",6037408628,2,0,0,0,0,0,0,0,0,0,0,0,0,5416,"68362",0,0,2
"494",6037408629,1,0,0,0,0,0,0,0,0,0,0,0,0,2724,"73603",0,0,0
"495",6037408631,2,0,0,0,0,0,0,0,0,0,0,0,0,5269,"75250",0,0,2
"496",6037408703,3,0,0,0,0,0,0,0,0,0,0,0,0,6460,"102017",0,0,0
"497",6037408705,2,0,0,0,0,0,0,0,0,0,0,0,0,5463,"58369",0,0,2
"498",6037408722,1,0,0,0,0,0,0,0,0,0,0,0,0,4654,"81806",0,0,4
"499",6037408724,2,0,0,0,0,0,0,0,0,0,0,0,0,5522,"41934",0,0,3
"500",6037408800,2,0,0,0,0,0,0,0,0,0,0,0,0,3953,"34265",0,0,0
"501",6037430002,2,0,0,0,0,0,0,0,0,0,0,0,0,7048,"62016",0,0,1
"502",6037430003,1,0,0,0,0,0,0,0,0,0,0,0,0,4494,"102558",0,0,0
"503",6037430101,2,0,0,0,0,0,0,0,0,0,0,0,0,5364,"47122",0,0,0
"504",6037430102,3,0,0,0,0,0,0,0,0,0,0,0,0,4886,"62804",0,0,1
"505",6037430200,3,0,0,0,0,0,0,0,0,0,0,0,0,1145,"89583",0,0,0
"506",6037430301,1,0,0,0,0,0,0,0,0,0,0,0,0,4608,"124023",0,0,0
"507",6037430400,2,0,0,0,0,0,0,0,0,0,0,0,0,4603,"129083",0,0,0
"508",6037430501,3,0,0,0,0,0,0,0,0,0,0,0,0,4160,"133710",0,0,0
"509",6037430502,5,0,0,0,0,0,0,0,0,0,0,0,0,6907,"85826",0,0,3
"510",6037430600,6,0,0,0,0,0,0,0,0,0,0,0,0,4426,"118021",2,0,2
"511",6037430701,1,0,0,0,0,0,0,0,0,0,0,0,0,5353,"95526",0,0,4
"512",6037430721,1,0,0,0,0,0,0,0,0,0,0,0,0,3622,"69944",0,0,1
"513",6037430801,5,0,0,0,0,0,0,0,0,0,0,0,0,6915,"73643",2,0,5
"514",6037430803,4,0,0,0,0,0,0,0,0,0,0,0,0,5334,"90500",0,1,0
"515",6037430902,1,0,0,0,0,0,0,0,0,0,0,0,0,4697,"78508",0,0,2
"516",6037431001,4,0,0,0,0,0,0,0,0,0,0,0,0,7010,"62422",0,0,0
"517",6037431002,2,0,0,0,0,0,0,0,0,0,0,0,0,3342,"40842",0,0,1
"518",6037431100,3,0,0,0,0,0,0,0,0,0,0,0,0,7157,"67750",0,1,1
"519",6037431200,3,0,0,0,0,0,0,0,0,0,0,0,0,5958,"57358",0,1,1
"520",6037431300,1,0,0,0,0,0,0,0,0,0,0,0,0,2731,"87417",0,0,0
"521",6037431400,2,0,0,0,0,0,0,0,0,0,0,0,0,4155,"65772",0,0,1
"522",6037431502,1,0,0,0,0,0,0,0,0,0,0,0,0,4543,"70000",0,0,0
"523",6037431600,1,0,0,0,0,0,0,0,0,0,0,0,0,4011,"97109",0,0,0
"524",6037431700,3,0,0,0,0,0,0,0,0,0,0,0,0,6526,"96972",1,2,0
"525",6037431800,2,0,0,0,0,0,0,0,0,0,0,0,0,5507,"62577",0,0,0
"526",6037432000,1,0,0,0,0,0,0,0,0,0,0,0,0,8150,"60696",0,0,0
"527",6037432101,1,0,0,0,0,0,0,0,0,0,0,0,0,4438,"78682",0,0,0
"528",6037432500,2,0,0,0,0,0,0,0,0,0,0,0,0,8933,"53155",0,0,1
"529",6037432601,1,0,0,0,0,0,0,0,0,0,0,0,0,6699,"43029",0,1,1
"530",6037432801,2,0,0,0,0,0,0,0,0,0,0,0,0,2747,"22440",0,0,0
"531",6037432802,2,0,0,0,0,0,0,0,0,0,0,0,0,5089,"28609",0,0,2
"532",6037432902,2,0,0,0,0,0,0,0,0,0,0,0,0,3512,"67716",1,0,1
"533",6037433101,1,0,0,0,0,0,0,0,0,0,0,0,0,2433,"42311",0,0,1
"534",6037433200,1,0,0,0,0,0,0,0,0,0,0,0,0,6246,"39355",0,0,0
"535",6037433307,2,0,0,0,0,0,0,0,0,0,0,0,0,3185,"50634",0,0,3
"536",6037433403,3,0,0,0,0,0,0,0,0,0,0,0,0,4659,"31920",0,0,1
"537",6037433503,1,0,0,0,0,0,0,0,0,0,0,0,0,2853,"45595",1,1,0
"538",6037433504,3,0,0,0,0,0,0,0,0,0,0,0,0,4905,"36142",0,0,1
"539",6037433602,2,0,0,0,0,0,0,0,0,0,0,0,0,2826,"30819",0,0,0
"540",6037433801,2,0,0,0,0,0,0,0,0,0,0,0,0,6547,"43608",0,0,1
"541",6037433802,3,0,0,0,0,0,0,0,0,0,0,0,0,3310,"60000",0,0,28
"542",6037434001,1,0,0,0,0,0,0,0,0,0,0,0,0,4363,"44623",0,0,0
"543",6037434003,1,0,0,0,0,0,0,0,0,0,0,0,0,4400,"38239",0,0,1
"544",6037434004,2,0,0,0,0,0,0,0,0,0,0,0,0,2915,"47900",0,0,1
"545",6037460000,4,0,0,0,0,0,0,0,0,0,0,0,0,4550,"114936",0,0,0
"546",6037460100,3,0,0,0,0,0,0,0,0,0,0,0,0,6130,"118077",0,0,0
"547",6037460200,1,0,0,0,0,0,0,0,0,0,0,0,0,5593,"101393",0,0,3
"548",6037460301,5,0,0,0,0,0,0,0,0,0,0,0,0,4440,"87321",0,0,0
"549",6037460302,2,0,0,0,0,0,0,0,0,0,0,0,0,4646,"83456",1,1,2
"550",6037460401,1,0,0,0,0,0,0,0,0,0,0,0,0,1070,"82500",0,0,0
"551",6037460501,2,0,0,0,0,0,0,0,0,0,0,0,0,5372,"177104",0,0,0
"552",6037460502,1,0,0,0,0,0,0,0,0,0,0,0,0,4601,"144038",0,0,0
"553",6037460700,1,0,0,0,0,0,0,0,0,0,0,0,0,5071,"184000",0,0,0
"554",6037460800,3,0,0,0,0,0,0,0,0,0,0,0,0,3194,"187625",0,0,0
"555",6037461000,1,0,0,0,0,0,0,0,0,0,0,0,0,6629,"54900",0,0,1
"556",6037461100,2,0,0,0,0,0,0,0,0,0,0,0,0,5261,"73713",0,0,0
"557",6037461300,1,0,0,0,0,0,0,0,0,0,0,0,0,6876,"85448",0,0,0
"558",6037461700,4,0,0,0,0,0,0,0,0,0,0,0,0,1478,"107000",0,0,6
"559",6037462002,3,0,0,0,0,0,0,0,0,0,0,0,0,4328,"32786",1,1,4
"560",6037462201,1,0,0,0,0,0,0,0,0,0,0,0,0,3698,"25214",0,0,1
"561",6037462202,1,0,0,0,0,0,0,0,0,0,0,0,0,2924,"63750",1,1,2
"562",6037462400,2,0,0,0,0,0,0,0,0,0,0,0,0,4150,"91375",0,0,2
"563",6037462700,1,0,0,0,0,0,0,0,0,0,0,0,0,5392,"66458",0,0,1
"564",6037462900,4,0,0,0,0,0,0,0,0,0,0,0,0,3876,"116250",0,1,4
"565",6037463000,1,0,0,0,0,0,0,0,0,0,0,0,0,2163,"110809",0,0,1
"566",6037463101,2,0,0,0,0,0,0,0,0,0,0,0,0,2415,"80400",0,0,1
"567",6037463200,1,0,0,0,0,0,0,0,0,0,0,0,0,3364,"70972",0,0,1
"568",6037463500,2,0,0,0,0,0,0,0,0,0,0,0,0,6127,"76354",2,1,1
"569",6037463601,1,0,0,0,0,0,0,0,0,0,0,0,0,5825,"76137",0,0,0
"570",6037463602,1,0,0,0,0,0,0,0,0,0,0,0,0,5541,"76073",0,0,2
"571",6037463700,3,0,0,0,0,0,0,0,0,0,0,0,0,2699,"119167",0,0,1
"572",6037463800,4,1,1,0,0,0,1,0,2,2,0,0,7,3804,"165735",0,0,0
"573",6037463900,2,0,0,0,0,0,0,0,0,0,0,0,0,3388,"83563",0,0,1
"574",6037464000,1,0,0,0,0,0,0,0,0,0,0,0,0,5964,"107237",0,0,1
"575",6037464100,3,0,0,0,0,0,0,0,0,0,0,0,0,7397,"146037",0,0,2
"576",6037480011,1,0,0,0,0,0,0,0,0,0,0,0,0,5225,"60718",0,0,1
"577",6037480201,1,0,0,0,0,0,0,0,0,0,0,0,0,4050,"97599",0,0,0
"578",6037480500,1,0,0,0,0,0,0,0,0,0,0,0,0,5065,"102791",0,0,0
"579",6037480600,2,0,0,0,0,0,0,0,0,0,0,0,0,8533,"68940",0,0,1
"580",6037480702,4,1,1,0,0,0,0,0,2,4,0,0,8,4182,"103036",0,0,3
"581",6037480703,4,0,1,0,0,0,1,0,1,3,0,0,6,3339,"98846",0,0,0
"582",6037480704,2,0,0,0,0,0,0,0,0,0,0,0,0,4817,"77068",0,0,0
"583",6037480803,2,3,12,0,0,0,2,0,0,5,0,0,22,3926,"67313",0,1,0
"584",6037480804,1,0,0,0,0,0,0,0,0,0,0,0,0,5176,"58719",0,0,0
"585",6037480901,1,0,0,0,0,0,0,0,0,0,0,0,0,5036,"56893",1,0,1
"586",6037481002,2,0,0,0,0,0,0,0,0,0,0,0,0,5952,"55714",0,0,1
"587",6037481101,3,0,0,0,0,0,0,0,0,0,0,0,0,4303,"50248",0,0,0
"588",6037481102,1,0,0,0,0,0,0,0,0,0,0,0,0,3782,"48261",0,0,0
"589",6037481103,3,0,0,0,0,0,0,0,0,0,0,0,0,4704,"56149",1,0,2
"590",6037481202,3,0,0,0,0,0,0,0,0,0,0,0,0,5754,"61419",0,0,0
"591",6037481300,1,0,0,0,0,0,0,0,0,0,0,0,0,3201,"51950",0,0,0
"592",6037481402,1,0,0,0,0,0,0,0,0,0,0,0,0,7009,"48798",0,0,1
"593",6037481603,2,0,0,0,0,0,0,0,0,0,0,0,0,3900,"46935",0,1,2
"594",6037481606,1,0,0,0,0,0,0,0,0,0,0,0,0,5046,"45307",0,0,0
"595",6037481901,1,2,1,0,0,0,2,0,2,0,0,0,7,5645,"76183",0,0,0
"596",6037481902,1,0,0,0,0,0,0,0,0,0,0,0,0,3241,"59853",2,1,1
"597",6037482001,1,0,0,0,0,0,0,0,0,0,0,0,0,2814,"105500",0,0,0
"598",6037482002,1,0,0,0,0,0,0,0,0,0,0,0,0,6769,"59474",0,0,1
"599",6037482102,2,0,0,0,0,0,0,0,0,0,0,0,0,2927,"67750",0,0,1
"600",6037482201,3,0,0,0,0,0,0,0,0,0,0,0,0,3892,"41585",1,0,0
"601",6037482202,1,0,0,0,0,0,0,0,0,0,0,0,0,5200,"44143",0,0,0
"602",6037482301,2,0,0,0,0,0,0,0,0,0,0,0,0,4995,"37065",0,0,2
"603",6037482303,1,0,0,0,0,0,0,0,0,0,0,0,0,5845,"36047",0,0,1
"604",6037482401,1,0,0,0,0,0,0,0,0,0,0,0,0,3973,"49266",0,0,0
"605",6037482402,4,0,0,0,0,0,0,0,0,0,0,0,0,7525,"52356",0,0,1
"606",6037482503,3,0,0,0,0,0,0,0,0,0,0,0,0,4335,"43393",1,1,3
"607",6037482522,2,0,0,0,0,0,0,0,0,0,0,0,0,4930,"61157",0,0,1
"608",6037482600,2,0,0,0,0,0,0,0,0,0,0,0,0,6209,"60903",0,0,2
"609",6037482702,1,0,0,0,0,0,0,0,0,0,0,0,0,2413,"57344",1,1,1
"610",6037482800,2,0,0,0,0,0,0,0,0,0,0,0,0,4511,"64342",0,0,0
"611",6037500201,1,0,0,0,0,0,0,0,0,0,0,0,0,6193,"115051",0,0,0
"612",6037500202,3,0,0,0,0,0,0,0,0,0,0,0,0,4768,"132409",1,0,0
"613",6037500300,1,0,0,0,0,0,0,0,0,0,0,0,0,3268,"124500",0,0,0
"614",6037500404,2,0,0,0,0,0,0,0,0,0,0,0,0,5066,"70513",0,0,2
"615",6037500500,2,0,0,0,0,0,0,0,0,0,0,0,0,2787,"43929",0,1,2
"616",6037500600,1,0,0,0,0,0,0,0,0,0,0,0,0,5942,"49259",0,0,0
"617",6037500800,1,0,0,0,0,0,0,0,0,0,0,0,0,5532,"63155",0,0,1
"618",6037500900,1,0,0,0,0,0,0,0,0,0,0,0,0,6005,"52816",1,0,2
"619",6037501001,1,0,0,0,0,0,0,0,0,0,0,0,0,3327,"53047",0,0,0
"620",6037501200,5,0,0,0,0,0,0,0,0,0,0,0,0,5354,"88750",0,0,5
"621",6037501300,2,0,0,0,0,0,0,0,0,0,0,0,0,7208,"72313",0,0,0
"622",6037501400,2,0,0,0,0,0,0,0,0,0,0,0,0,4225,"46859",1,0,2
"623",6037501503,1,0,0,0,0,0,0,0,0,0,0,0,0,4894,"56757",0,0,0
"624",6037501504,3,0,0,0,0,0,0,0,0,0,0,0,0,3496,"35736",0,0,2
"625",6037501600,4,0,0,0,0,0,0,0,0,0,0,0,0,7822,"88077",0,0,0
"626",6037501802,1,0,0,0,0,0,0,0,0,0,0,0,0,3420,"71821",0,0,2
"627",6037501803,1,0,0,0,0,0,0,0,0,0,0,0,0,4728,"35839",0,0,2
"628",6037501804,2,0,0,0,0,0,0,0,0,0,0,0,0,2006,"41458",0,0,0
"629",6037501900,2,0,0,0,0,0,0,0,0,0,0,0,0,4225,"71922",0,0,0
"630",6037502003,2,0,0,0,0,0,0,0,0,0,0,0,0,2806,"63750",0,0,2
"631",6037502004,1,0,0,0,0,0,0,0,0,0,0,0,0,3981,"59559",0,0,2
"632",6037502005,2,0,0,0,0,0,0,0,0,0,0,0,0,4893,"61309",0,0,2
"633",6037502100,6,0,0,0,0,0,0,0,0,0,0,0,0,5231,"50781",1,0,2
"634",6037502200,3,0,0,0,0,0,0,0,0,0,0,0,0,6450,"58583",0,0,0
"635",6037502301,1,0,0,0,0,0,0,0,0,0,0,0,0,6120,"59712",0,0,0
"636",6037502302,1,0,0,0,0,0,0,0,0,0,0,0,0,3148,"42944",0,0,0
"637",6037502602,1,0,0,0,0,0,0,0,0,0,0,0,0,4415,"49514",0,1,2
"638",6037502700,1,0,0,0,0,0,0,0,0,0,0,0,0,6692,"61949",0,0,0
"639",6037502801,2,0,0,0,0,0,0,0,0,0,0,0,0,6826,"81385",1,0,1
"640",6037502802,1,0,0,0,0,0,0,0,0,0,0,0,0,2550,"33454",0,0,2
"641",6037502901,1,0,0,0,0,0,0,0,0,0,0,0,0,5664,"81852",0,0,0
"642",6037502902,2,0,0,0,0,0,0,0,0,0,0,0,0,4122,"48281",0,0,0
"643",6037503104,1,0,0,0,0,0,0,0,0,0,0,0,0,2681,"59643",0,1,4
"644",6037503202,1,0,0,0,0,0,0,0,0,0,0,0,0,4775,"64286",0,1,4
"645",6037503301,1,0,0,0,0,0,0,0,0,0,0,0,0,3085,"82639",0,0,0
"646",6037503302,2,0,0,0,0,0,0,0,0,0,0,0,0,6615,"65833",0,0,1
"647",6037503402,1,0,0,0,0,0,0,0,0,0,0,0,0,4292,"89375",0,0,0
"648",6037503501,2,0,0,0,0,0,0,0,0,0,0,0,0,6694,"52996",2,0,0
"649",6037503502,4,0,0,0,0,0,0,0,0,0,0,0,0,4222,"70076",0,0,0
"650",6037503601,1,0,0,0,0,0,0,0,0,0,0,0,0,4297,"93295",0,0,0
"651",6037503602,1,0,0,0,0,0,0,0,0,0,0,0,0,4000,"91788",0,0,0
"652",6037503701,4,0,0,0,0,0,0,0,0,0,0,0,0,5446,"69583",0,0,5
"653",6037503703,1,0,0,0,0,0,0,0,0,0,0,0,0,7815,"77321",0,0,0
"654",6037503801,2,0,0,0,0,0,0,0,0,0,0,0,0,4134,"91238",0,0,2
"655",6037503802,1,0,0,0,0,0,0,0,0,0,0,0,0,5131,"78338",0,0,0
"656",6037503901,2,0,0,0,0,0,0,0,0,0,0,0,0,2983,"86932",0,0,0
"657",6037504001,5,0,0,0,0,0,0,0,0,0,0,0,0,5701,"63750",5,0,4
"658",6037504101,2,0,0,0,0,0,0,0,0,0,0,0,0,5281,"67331",0,0,0
"659",6037530003,1,0,0,0,0,0,0,0,0,0,0,0,0,3276,"83333",0,0,0
"660",6037530006,1,0,0,0,0,0,0,0,0,0,0,0,0,3709,"52109",0,0,1
"661",6037530101,2,0,0,0,0,0,0,0,0,0,0,0,0,5204,"30151",0,0,5
"662",6037530102,1,0,0,0,0,0,0,0,0,0,0,0,0,5155,"39400",0,0,1
"663",6037530202,1,0,0,0,0,0,0,0,0,0,0,0,0,4614,"70089",1,1,1
"664",6037530203,2,0,0,0,0,0,0,0,0,0,0,0,0,2987,"42031",0,0,0
"665",6037530400,1,0,0,0,0,0,0,0,0,0,0,0,0,3806,"26853",0,0,0
"666",6037530602,1,0,0,0,0,0,0,0,0,0,0,0,0,1558,"68036",0,0,0
"667",6037530801,2,16,5,0,0,1,4,0,0,10,0,1,37,5345,"43425",0,1,0
"668",6037530901,1,9,2,0,0,1,4,1,0,7,0,0,24,3823,"41493",0,1,0
"669",6037531000,1,0,0,0,0,0,0,0,0,0,0,0,0,5340,"41897",1,1,1
"670",6037531302,1,3,0,0,0,0,0,0,0,2,0,1,6,7049,"39085",1,1,2
"671",6037531504,1,0,0,0,0,0,0,0,0,0,0,0,0,4449,"39157",1,1,1
"672",6037531603,2,0,0,0,0,0,0,0,0,0,0,0,0,3250,"42070",4,1,2
"673",6037531702,3,0,0,0,0,0,0,0,0,0,0,0,0,4732,"37166",1,0,2
"674",6037531800,2,0,0,0,0,0,0,0,0,0,0,0,0,5162,"46791",0,0,1
"675",6037531902,1,0,0,0,0,0,0,0,0,0,0,0,0,3912,"47604",0,0,1
"676",6037532101,2,0,0,0,0,0,0,0,0,0,0,0,0,6508,"37870",1,1,1
"677",6037532102,1,0,0,0,0,0,0,0,0,0,0,0,0,3768,"56250",0,0,1
"678",6037532200,1,0,0,0,0,0,0,0,0,0,0,0,0,6314,"45093",1,0,1
"679",6037532302,4,0,0,0,0,0,0,0,0,0,0,0,0,4949,"42390",2,0,2
"680",6037532303,1,0,0,0,0,0,0,0,0,0,0,0,0,4663,"50417",3,0,1
"681",6037532800,3,47,14,0,0,2,48,1,5,27,0,7,151,4330,"34970",0,1,0
"682",6037533001,1,1,0,0,0,0,1,0,2,2,0,0,6,4433,"33013",1,1,2
"683",6037533002,1,0,0,0,0,0,0,0,0,0,0,0,0,2709,"32656",0,0,0
"684",6037533103,1,0,0,0,0,0,0,0,0,0,0,0,0,3499,"28654",0,0,1
"685",6037533502,1,0,0,0,0,0,0,0,0,0,0,0,0,2217,"41932",0,0,0
"686",6037533503,1,0,0,0,0,0,0,0,0,0,0,0,0,2205,"34412",0,0,0
"687",6037533601,1,0,0,0,0,0,0,0,0,0,0,0,0,4729,"36782",0,0,0
"688",6037533602,2,0,0,0,0,0,0,0,0,0,0,0,0,5393,"32750",0,0,0
"689",6037533603,1,0,0,0,0,0,0,0,0,0,0,0,0,7114,"41325",0,1,1
"690",6037533702,1,0,0,0,0,0,0,0,0,0,0,0,0,3606,"33478",0,0,0
"691",6037533703,3,0,0,0,0,0,0,0,0,0,0,0,0,4455,"40862",1,1,2
"692",6037533803,1,0,0,0,0,0,0,0,0,0,0,0,0,6160,"38209",0,0,1
"693",6037533804,2,0,0,0,0,0,0,0,0,0,0,0,0,4570,"39886",0,0,1
"694",6037534202,1,0,0,0,0,0,0,0,0,0,0,0,0,5907,"32883",0,1,1
"695",6037534203,6,0,0,0,0,0,0,0,0,0,0,0,0,3531,"37424",0,0,3
"696",6037534405,1,0,0,0,0,0,0,0,0,0,0,0,0,4269,"40107",0,0,1
"697",6037534406,6,0,0,0,0,0,0,0,0,0,0,0,0,4998,"42500",0,1,4
"698",6037534501,1,0,0,0,0,0,0,0,0,0,0,0,0,4886,"49167",0,0,0
"699",6037534502,1,0,0,0,0,0,0,0,0,0,0,0,0,4629,"43000",0,0,0
"700",6037534700,1,0,0,0,0,0,0,0,0,0,0,0,0,4717,"62428",0,1,1
"701",6037534802,1,0,0,0,0,0,0,0,0,0,0,0,0,3007,"43021",0,0,1
"702",6037534900,1,0,0,0,0,0,0,0,0,0,0,0,0,5896,"42656",0,0,0
"703",6037535200,3,85,81,0,0,5,82,1,7,41,0,17,319,5868,"36705",1,1,8
"704",6037535300,1,2,1,0,0,0,2,0,0,1,0,2,8,6046,"33150",1,1,7
"705",6037535400,4,43,27,0,0,0,20,0,2,14,0,3,109,3196,"35027",1,1,5
"706",6037535502,1,0,0,0,0,0,0,0,0,0,0,0,0,5038,"45231",0,0,2
"707",6037536000,1,0,0,0,0,0,0,0,0,0,0,0,0,3954,"45673",0,1,1
"708",6037536103,1,0,0,0,0,0,0,0,0,0,0,0,0,5584,"58272",0,0,0
"709",6037536104,2,0,0,0,0,0,0,0,0,0,0,0,0,4288,"39145",1,1,7
"710",6037540000,1,0,0,0,0,0,0,0,0,0,0,0,0,7195,"46964",0,0,2
"711",6037540201,2,0,0,0,0,0,0,0,0,0,0,0,0,2161,"27090",0,0,2
"712",6037540203,1,0,0,0,0,0,0,0,0,0,0,0,0,5804,"36607",1,1,2
"713",6037540400,1,11,14,0,0,3,5,0,3,6,0,2,44,2594,"41447",0,0,0
"714",6037540501,2,0,0,0,0,0,0,0,0,0,0,0,0,7328,"48500",0,0,0
"715",6037540600,2,19,5,0,0,0,9,0,1,11,0,1,46,4731,"28632",0,0,0
"716",6037540700,5,61,30,0,0,9,89,2,1,20,0,14,226,3462,"46378",0,0,0
"717",6037540800,3,12,15,0,0,2,8,0,0,8,0,5,50,5857,"51927",1,0,5
"718",6037540902,1,0,0,0,0,0,0,0,0,0,0,0,0,4906,"55392",1,1,3
"719",6037541002,1,1,0,0,0,0,0,0,0,3,0,0,4,2963,"49926",0,0,0
"720",6037541200,1,0,0,0,0,0,0,0,0,0,0,0,0,6440,"51109",1,1,2
"721",6037541300,2,0,0,0,0,0,0,0,0,0,0,0,0,5982,"42539",0,0,0
"722",6037541603,2,0,0,0,0,0,0,0,0,0,0,0,0,3382,"30284",1,1,2
"723",6037541604,2,0,0,0,0,0,0,0,0,0,0,0,0,6391,"31997",0,0,0
"724",6037541606,1,0,0,0,0,0,0,0,0,0,0,0,0,2404,"40625",0,0,0
"725",6037541801,1,0,0,0,0,0,0,0,0,0,0,0,0,5817,"45833",0,0,0
"726",6037541802,1,0,0,0,0,0,0,0,0,0,0,0,0,5451,"51935",0,0,1
"727",6037542105,1,0,0,0,0,0,0,0,0,0,0,0,0,4893,"40278",1,1,0
"728",6037542200,1,0,0,0,0,0,0,0,0,0,0,0,0,7391,"45732",0,0,4
"729",6037542602,1,0,0,0,0,0,0,0,0,0,0,0,0,5448,"47341",0,1,0
"730",6037542700,1,0,0,0,0,0,0,0,0,0,0,0,0,5694,"48710",0,0,0
"731",6037542800,2,0,0,0,0,0,0,0,0,0,0,0,0,3092,"53421",1,1,0
"732",6037542900,1,0,0,0,0,0,0,0,0,0,0,0,0,3204,"47228",0,0,0
"733",6037543000,1,0,0,0,0,0,0,0,0,0,0,0,0,4580,"65568",1,0,2
"734",6037543100,5,0,0,0,0,0,0,0,0,0,0,0,0,6502,"56543",1,0,1
"735",6037543201,2,0,0,0,0,0,0,0,0,0,0,0,0,3900,"51012",0,0,0
"736",6037543202,3,0,0,0,0,0,0,0,0,0,0,0,0,5128,"45750",0,0,2
"737",6037543304,1,0,0,0,0,0,0,0,0,0,0,0,0,6175,"84167",1,0,1
"738",6037543306,1,0,0,0,0,0,0,0,0,0,0,0,0,7465,"82912",0,0,0
"739",6037543321,1,0,0,0,0,0,0,0,0,0,0,0,0,5645,"100000",0,1,1
"740",6037543400,3,0,0,0,0,0,0,0,0,0,0,0,0,4250,"91713",2,1,7
"741",6037543601,1,0,0,0,0,0,0,0,0,0,0,0,0,4165,"73125",0,2,2
"742",6037543602,1,4,10,0,0,2,3,0,2,2,0,0,23,8292,"71667",0,1,0
"743",6037543603,3,16,19,0,0,0,5,0,1,10,0,1,52,4074,"68792",0,1,0
"744",6037543604,1,0,0,0,0,0,0,0,0,0,0,0,0,5755,"91016",0,0,1
"745",6037543702,1,0,0,0,0,0,0,0,0,0,0,0,0,6853,"76667",1,1,2
"746",6037543802,1,0,0,0,0,0,0,0,0,0,0,0,0,6872,"71462",1,1,1
"747",6037543903,2,0,0,0,0,0,0,0,0,0,0,0,0,3715,"65000",1,0,1
"748",6037544002,1,0,0,0,0,0,0,0,0,0,0,0,0,3332,"81023",1,0,1
"749",6037550201,2,0,0,0,0,0,0,0,0,0,0,0,0,2976,"62917",1,0,3
"750",6037550400,1,0,0,0,0,0,0,0,0,0,0,0,0,1419,"67083",0,0,1
"751",6037550500,1,0,0,0,0,0,0,0,0,0,0,0,0,7968,"77100",1,0,1
"752",6037550601,1,0,0,0,0,0,0,0,0,0,0,0,0,6002,"66121",0,0,1
"753",6037550700,3,0,0,0,0,0,0,0,0,0,0,0,0,6918,"89023",1,1,1
"754",6037550800,5,0,0,0,0,0,0,0,0,0,0,0,0,7480,"79356",1,1,5
"755",6037551000,2,0,0,0,0,0,0,0,0,0,0,0,0,7199,"68965",0,0,4
"756",6037551102,1,0,0,0,0,0,0,0,0,0,0,0,0,5198,"46938",0,0,0
"757",6037551300,1,0,0,0,0,0,0,0,0,0,0,0,0,5385,"43725",1,0,1
"758",6037551401,1,0,0,0,0,0,0,0,0,0,0,0,0,4761,"59420",0,0,0
"759",6037551501,2,0,0,0,0,0,0,0,0,0,0,0,0,4818,"61031",0,0,1
"760",6037551502,1,0,0,0,0,0,0,0,0,0,0,0,0,4429,"70927",0,0,0
"761",6037551700,2,0,0,0,0,0,0,0,0,0,0,0,0,6056,"63988",0,1,2
"762",6037551800,2,0,0,0,0,0,0,0,0,0,0,0,0,7530,"61680",0,0,3
"763",6037552001,2,0,0,0,0,0,0,0,0,0,0,0,0,4103,"73345",0,0,1
"764",6037552002,1,0,0,0,0,0,0,0,0,0,0,0,0,3719,"62452",0,0,0
"765",6037552100,1,0,0,0,0,0,0,0,0,0,0,0,0,5902,"44556",0,0,0
"766",6037552301,1,0,0,0,0,0,0,0,0,0,0,0,0,4955,"73185",1,1,1
"767",6037552302,1,0,0,0,0,0,0,0,0,0,0,0,0,3912,"66477",0,0,1
"768",6037552400,2,0,0,0,0,0,0,0,0,0,0,0,0,2575,"60052",0,0,0
"769",6037552900,1,0,0,0,0,0,0,0,0,0,0,0,0,7370,"60229",0,0,1
"770",6037553100,3,0,0,0,0,0,0,0,0,0,0,0,0,6372,"72733",0,0,1
"771",6037553504,2,0,0,0,0,0,0,0,0,0,0,0,0,6196,"45313",0,0,1
"772",6037553602,2,0,0,0,0,0,0,0,0,0,0,0,0,5133,"61310",0,0,2
"773",6037553702,3,0,0,0,0,0,0,0,0,0,0,0,0,4582,"45729",0,1,3
"774",6037553801,4,0,0,0,0,0,0,0,0,0,0,0,0,4832,"48185",0,0,1
"775",6037553802,2,0,0,0,0,0,0,0,0,0,0,0,0,5943,"36833",0,0,1
"776",6037553901,2,0,0,0,0,0,0,0,0,0,0,0,0,6799,"61089",1,1,1
"777",6037554001,1,0,0,0,0,0,0,0,0,0,0,0,0,3826,"51006",0,0,0
"778",6037554103,2,0,0,0,0,0,0,0,0,0,0,0,0,1581,"80625",2,1,2
"779",6037554104,1,0,0,0,0,0,0,0,0,0,0,0,0,2510,"51685",0,0,0
"780",6037554204,3,0,0,0,0,0,0,0,0,0,0,0,0,4329,"35187",0,0,0
"781",6037554301,1,0,0,0,0,0,0,0,0,0,0,0,0,3720,"56263",0,0,1
"782",6037554404,2,0,0,0,0,0,0,0,0,0,0,0,0,4131,"38235",0,1,1
"783",6037554406,2,0,0,0,0,0,0,0,0,0,0,0,0,4650,"63098",0,0,0
"784",6037554511,1,0,0,0,0,0,0,0,0,0,0,0,0,4090,"87019",0,0,1
"785",6037554512,4,0,0,0,0,0,0,0,0,0,0,0,0,6137,"112250",1,1,2
"786",6037554513,1,0,0,0,0,0,0,0,0,0,0,0,0,2654,"94615",0,0,1
"787",6037554514,2,0,0,0,0,0,0,0,0,0,0,0,0,4798,"78210",0,0,0
"788",6037554516,2,0,0,0,0,0,0,0,0,0,0,0,0,3820,"101736",0,1,0
"789",6037554517,1,0,0,0,0,0,0,0,0,0,0,0,0,4339,"96125",0,0,0
"790",6037554518,1,0,0,0,0,0,0,0,0,0,0,0,0,5460,"96641",0,0,0
"791",6037554519,3,0,0,0,0,0,0,0,0,0,0,0,0,3446,"114102",0,0,1
"792",6037554521,6,0,0,0,0,0,0,0,0,0,0,0,0,6166,"78536",1,0,2
"793",6037554700,2,0,0,0,0,0,0,0,0,0,0,0,0,4922,"62773",0,0,0
"794",6037554801,4,0,0,0,0,0,0,0,0,0,0,0,0,3144,"53152",0,0,0
"795",6037554802,2,0,0,0,0,0,0,0,0,0,0,0,0,6132,"64250",0,0,0
"796",6037554900,1,0,0,0,0,0,0,0,0,0,0,0,0,7513,"53882",0,0,3
"797",6037555001,1,0,0,0,0,0,0,0,0,0,0,0,0,5407,"64191",0,0,0
"798",6037555103,3,0,0,0,0,0,0,0,0,0,0,0,0,4812,"74232",2,1,6
"799",6037555104,2,0,0,0,0,0,0,0,0,0,0,0,0,4326,"61703",0,0,1
"800",6037555211,3,0,0,0,0,0,0,0,0,0,0,0,0,5622,"34911",0,0,1
"801",6037555212,1,0,0,0,0,0,0,0,0,0,0,0,0,4739,"38151",1,0,1
"802",6037570100,1,0,0,0,0,0,0,0,0,0,0,0,0,3144,"87000",0,0,0
"803",6037570202,1,0,0,0,0,0,0,0,0,0,0,0,0,6003,"59076",0,0,0
"804",6037570204,1,0,0,0,0,0,0,0,0,0,0,0,0,3969,"56272",0,0,1
"805",6037570402,2,0,0,0,0,0,0,0,0,0,0,0,0,3436,"63770",0,0,2
"806",6037570403,1,0,0,0,0,0,0,0,0,0,0,0,0,5173,"35893",0,0,0
"807",6037570404,3,0,0,0,0,0,0,0,0,0,0,0,0,3525,"56283",0,0,2
"808",6037570501,1,0,0,0,0,0,0,0,0,0,0,0,0,7233,"59489",0,0,2
"809",6037570702,2,0,0,0,0,0,0,0,0,0,0,0,0,2392,"80179",1,0,1
"810",6037570800,1,0,0,0,0,0,0,0,0,0,0,0,0,5616,"82344",1,0,1
"811",6037570901,2,0,0,0,0,0,0,0,0,0,0,0,0,5930,"94722",0,0,2
"812",6037571000,4,0,0,0,0,0,0,0,0,0,0,0,0,5904,"87909",0,0,3
"813",6037571101,2,0,0,0,0,0,0,0,0,0,0,0,0,4512,"109803",0,0,0
"814",6037571102,2,0,0,0,0,0,0,0,0,0,0,0,0,4049,"87688",0,0,5
"815",6037571200,1,0,0,0,0,0,0,0,0,0,0,0,0,7948,"76966",0,1,1
"816",6037571400,1,0,0,0,0,0,0,0,0,0,0,0,0,4613,"81577",0,0,0
"817",6037571503,3,0,0,0,0,0,0,0,0,0,0,0,0,4244,"79931",0,0,0
"818",6037571600,1,0,0,0,0,0,0,0,0,0,0,0,0,2068,"13304",0,0,0
"819",6037571703,1,0,0,0,0,0,0,0,0,0,0,0,0,3921,"35313",0,0,0
"820",6037571704,5,0,0,0,0,0,0,0,0,0,0,0,0,4213,"41599",0,0,0
"821",6037571800,2,0,0,0,0,0,0,0,0,0,0,0,0,2994,"104231",0,0,1
"822",6037571900,3,0,0,0,0,0,0,0,0,0,0,0,0,5713,"70885",0,0,2
"823",6037572001,1,0,0,0,0,0,0,0,0,0,0,0,0,5272,"82167",0,0,1
"824",6037572100,1,0,0,0,0,0,0,0,0,0,0,0,0,1080,"110655",0,0,1
"825",6037572400,3,0,0,0,0,0,0,0,0,0,0,0,0,1310,"69712",0,0,0
"826",6037572500,1,0,0,0,0,0,0,0,0,0,0,0,0,3315,"26322",0,0,0
"827",6037572600,2,0,0,0,0,0,0,0,0,0,0,0,0,5531,"75750",1,1,1
"828",6037572800,1,0,0,0,0,0,0,0,0,0,0,0,0,1059,"19063",0,0,0
"829",6037572900,1,0,0,0,0,0,0,0,0,0,0,0,0,5521,"40318",0,0,1
"830",6037573100,1,0,0,0,0,0,0,0,0,0,0,0,0,7692,"55238",0,0,0
"831",6037573201,1,0,0,0,0,0,0,0,0,0,0,0,0,4786,"30169",0,0,1
"832",6037573300,2,0,0,0,0,0,0,0,0,0,0,0,0,4311,"34875",0,0,0
"833",6037573401,2,0,0,0,0,0,0,0,0,0,0,0,0,1382,"69191",0,0,1
"834",6037573402,2,0,0,0,0,0,0,0,0,0,0,0,0,6853,"52907",0,0,0
"835",6037573403,3,0,0,0,0,0,0,0,0,0,0,0,0,3256,"107977",0,0,2
"836",6037573601,2,0,0,0,0,0,0,0,0,0,0,0,0,5942,"101083",0,0,0
"837",6037573800,5,0,0,0,0,0,0,0,0,0,0,0,0,4359,"97791",0,0,0
"838",6037573902,1,0,0,0,0,0,0,0,0,0,0,0,0,2089,"118241",0,0,0
"839",6037574100,1,0,0,0,0,0,0,0,0,0,0,0,0,5119,"91152",0,0,1
"840",6037574400,3,0,0,0,0,0,0,0,0,0,0,0,0,5015,"96731",0,0,4
"841",6037574602,1,0,0,0,0,0,0,0,0,0,0,0,0,1188,"82708",0,0,0
"842",6037574901,2,0,0,0,0,0,0,0,0,0,0,0,0,3765,"96734",0,0,1
"843",6037574902,1,0,0,0,0,0,0,0,0,0,0,0,0,4865,"50469",0,0,0
"844",6037575001,1,0,0,0,0,0,0,0,0,0,0,0,0,3640,"68162",0,0,1
"845",6037575101,1,0,0,0,0,0,0,0,0,0,0,0,0,4465,"42119",0,0,0
"846",6037575103,1,0,0,0,0,0,0,0,0,0,0,0,0,4944,"41748",0,0,0
"847",6037575201,1,0,0,0,0,0,0,0,0,0,0,0,0,4677,"35875",0,0,1
"848",6037575202,4,0,0,0,0,0,0,0,0,0,0,0,0,5076,"32368",0,0,1
"849",6037575300,1,0,0,0,0,0,0,0,0,0,0,0,0,5268,"32250",1,0,1
"850",6037575401,2,0,0,0,0,0,0,0,0,0,0,0,0,5284,"29544",0,0,0
"851",6037575402,3,0,0,0,0,0,0,0,0,0,0,0,0,4288,"37833",0,0,0
"852",6037575500,2,0,0,0,0,0,0,0,0,0,0,0,0,43,"11736",0,0,1
"853",6037575902,4,0,0,0,0,0,0,0,0,0,0,0,0,4697,"33650",0,1,2
"854",6037576001,9,0,0,0,0,0,0,0,0,0,0,0,0,5587,"76003",0,0,4
"855",6037576200,3,0,0,0,0,0,0,0,0,0,0,0,0,5726,"24562",0,0,0
"856",6037576301,4,0,0,0,0,0,0,0,0,0,0,0,0,4134,"34236",0,0,1
"857",6037576302,1,0,0,0,0,0,0,0,0,0,0,0,0,5330,"40353",0,0,0
"858",6037576401,1,0,0,0,0,0,0,0,0,0,0,0,0,5203,"28604",0,0,0
"859",6037576402,1,0,0,0,0,0,0,0,0,0,0,0,0,4806,"36442",0,1,1
"860",6037576403,2,0,0,0,0,0,0,0,0,0,0,0,0,5245,"32525",0,0,1
"861",6037576503,1,0,0,0,0,0,0,0,0,0,0,0,0,4415,"44464",0,0,0
"862",6037576601,11,0,0,0,0,0,0,0,0,0,0,0,0,4429,"54259",0,0,5
"863",6037576802,2,0,0,0,0,0,0,0,0,0,0,0,0,3852,"56065",0,0,1
"864",6037576901,1,0,0,0,0,0,0,0,0,0,0,0,0,6408,"24911",0,0,0
"865",6037576903,2,0,0,0,0,0,0,0,0,0,0,0,0,4012,"38951",0,0,0
"866",6037576904,3,0,0,0,0,0,0,0,0,0,0,0,0,3287,"48534",0,0,0
"867",6037577000,2,0,0,0,0,0,0,0,0,0,0,0,0,7219,"59460",0,0,0
"868",6037577100,5,0,0,0,0,0,0,0,0,0,0,0,0,7143,"61770",0,0,0
"869",6037577200,2,0,0,0,0,0,0,0,0,0,0,0,0,5374,"70457",0,0,0
"870",6037577400,3,0,0,0,0,0,0,0,0,0,0,0,0,2944,"82171",3,0,1
"871",6037577501,7,0,0,0,0,0,0,0,0,0,0,0,0,3516,"88882",0,0,2
"872",6037577602,2,0,0,0,0,0,0,0,0,0,0,0,0,3292,"87452",0,0,0
"873",6037577603,7,0,0,0,0,0,0,0,0,0,0,0,0,7964,"101486",0,0,10
"874",6037577604,10,0,0,0,0,0,0,0,0,0,0,0,0,1368,"91563",0,0,2
"875",6037599000,5,0,0,0,0,0,0,0,0,0,0,0,0,3581,"62440",0,0,4
"876",6037600100,1,111,56,0,0,6,122,0,5,53,0,21,374,6691,"25875",1,1,0
"877",6037600201,1,21,24,0,0,3,20,0,4,5,0,1,78,4395,"30703",0,0,0
"878",6037600304,4,32,46,0,1,2,32,1,4,24,0,4,146,3412,"23342",0,0,0
"879",6037600400,1,17,7,0,0,0,9,0,2,1,0,2,38,4226,"34853",1,1,3
"880",6037600601,1,0,1,0,0,0,2,0,0,1,0,0,4,2615,"62281",0,0,0
"881",6037600704,1,1,3,0,0,0,0,0,2,1,0,0,7,3085,"65144",1,1,2
"882",6037600801,3,32,22,0,0,2,25,0,11,15,0,3,110,3466,"55741",0,0,0
"883",6037600912,2,47,27,0,0,3,16,0,4,8,0,5,110,5694,"43721",0,0,1
"884",6037601001,1,0,0,0,0,0,0,0,0,0,0,0,0,1949,"27667",3,0,6
"885",6037601002,1,0,0,0,0,0,0,0,0,0,0,0,0,5053,"42222",0,0,1
"886",6037601302,1,4,10,0,0,1,5,0,1,7,0,1,29,7534,"47658",0,0,0
"887",6037601401,2,3,13,0,1,0,2,0,4,5,0,0,28,5346,"42628",1,1,1
"888",6037601402,1,5,7,0,0,4,7,0,1,5,0,0,29,5139,"55531",1,0,2
"889",6037601502,1,3,2,0,0,1,4,0,2,4,0,1,17,4056,"40213",0,0,0
"890",6037602004,1,0,0,0,0,0,0,0,0,0,0,0,0,3753,"39730",0,0,1
"891",6037602103,1,0,0,0,0,0,0,0,0,0,0,0,0,6839,"33708",0,0,0
"892",6037602104,2,0,0,0,0,0,0,0,0,0,0,0,0,5760,"44731",1,0,2
"893",6037602200,2,1,0,0,0,0,0,1,0,2,0,0,4,8202,"57215",0,1,4
"894",6037602302,3,0,0,0,0,0,0,0,0,0,0,0,0,3736,"102435",0,0,1
"895",6037602402,2,0,0,0,0,0,0,0,0,0,0,0,0,6375,"50841",2,0,1
"896",6037602509,4,0,0,0,0,0,0,0,0,0,0,0,0,4137,"55642",0,1,1
"897",6037602700,2,0,0,0,0,0,0,0,0,0,0,0,0,3688,"80733",0,0,2
"898",6037602802,1,5,3,0,0,1,12,0,0,4,0,1,26,3765,"51967",1,0,2
"899",6037602900,1,0,0,0,0,0,0,0,0,0,0,0,0,4236,"35182",0,1,2
"900",6037603001,1,5,4,0,0,2,0,0,1,4,0,0,16,7416,"45000",0,0,0
"901",6037603006,1,0,0,0,0,0,0,0,0,0,0,0,0,1935,"43529",0,0,0
"902",6037603101,1,4,18,0,0,1,5,0,1,8,0,0,37,3997,"46406",0,0,0
"903",6037603200,2,2,16,0,0,0,0,0,5,6,0,0,29,3320,"62031",0,0,1
"904",6037603301,1,0,0,0,0,0,0,0,0,0,0,0,0,3631,"36094",0,0,2
"905",6037603302,1,0,3,0,0,0,0,0,2,0,0,0,5,4106,"43938",0,0,0
"906",6037603400,2,0,0,0,0,0,0,0,0,0,0,0,0,4423,"53503",1,0,0
"907",6037603600,3,0,0,0,0,0,0,0,0,0,0,0,0,4294,"91563",0,1,1
"908",6037603704,1,0,0,0,0,0,0,0,0,0,0,0,0,6650,"45498",0,0,2
"909",6037603801,1,0,0,0,0,0,0,0,0,0,0,0,0,4763,"48427",0,0,1
"910",6037603900,3,0,0,0,0,0,0,0,0,0,0,0,0,7734,"46865",1,1,3
"911",6037604100,3,0,0,0,0,0,0,0,0,0,0,0,0,7169,"65202",0,1,2
"912",6037609900,7,37,51,0,0,2,14,2,6,33,0,4,149,1977,"57885",1,1,3
"913",6037620001,1,0,0,0,0,0,0,0,0,0,0,0,0,3919,"108472",0,0,0
"914",6037620002,9,0,0,0,0,0,0,0,0,0,0,0,0,3510,"72019",1,0,1
"915",6037620101,2,0,0,0,0,0,0,0,0,0,0,0,0,5625,"104359",0,0,0
"916",6037620102,8,0,0,0,0,0,0,0,1,0,0,0,1,3847,"82606",1,0,4
"917",6037620201,1,0,0,0,0,0,0,0,0,0,0,0,0,1422,"116761",0,0,0
"918",6037620305,4,0,0,0,0,0,0,0,0,0,0,0,0,5742,"121395",0,0,1
"919",6037620400,6,0,0,0,0,0,0,0,0,0,0,0,0,5213,"131558",0,1,3
"920",6037620522,2,0,0,0,0,0,0,0,0,0,0,0,0,4841,"84118",0,0,1
"921",6037620601,1,0,0,0,0,0,0,0,0,0,0,0,0,5310,"102100",0,0,1
"922",6037620602,1,0,0,0,0,0,0,0,0,0,0,0,0,5518,"118672",0,0,0
"923",6037620701,1,0,0,0,0,0,0,0,0,0,0,0,0,6549,"99231",0,0,0
"924",6037620702,2,0,0,0,0,0,0,0,0,0,0,0,0,7004,"132587",0,0,1
"925",6037620800,6,0,0,0,0,0,0,0,0,0,0,0,0,8190,"150057",2,1,2
"926",6037620901,2,0,0,0,0,0,0,0,0,0,0,0,0,2840,"177132",0,0,0
"927",6037620904,4,0,0,0,0,0,0,0,0,0,0,0,0,2852,"190909",0,0,3
"928",6037621001,4,0,0,0,0,0,0,0,0,0,0,0,0,4540,"120625",1,0,0
"929",6037621004,3,0,0,0,0,0,0,0,0,0,0,0,0,4303,"105000",0,0,1
"930",6037621102,11,0,0,0,0,0,0,0,0,0,0,0,0,2997,"154022",0,0,0
"931",6037621104,10,0,0,0,0,0,0,0,0,0,0,0,0,6881,"126743",0,0,1
"932",6037621201,6,0,0,0,0,0,0,0,0,0,0,0,0,6292,"111017",0,0,0
"933",6037621204,3,0,0,0,0,0,0,0,0,0,0,0,0,3161,"84938",0,0,1
"934",6037621301,1,0,0,0,0,0,0,0,0,0,0,0,0,7437,"101140",0,0,0
"935",6037621324,4,0,0,0,0,0,0,0,0,0,0,0,0,3977,"112733",0,0,1
"936",6037621326,1,0,0,0,0,0,0,0,0,0,0,0,0,2990,"92500",0,0,0
"937",6037621400,1,0,0,0,0,0,0,0,0,0,0,0,0,4368,"88266",0,0,1
"938",6037650003,1,0,0,0,0,0,0,0,0,0,0,0,0,3185,"47574",0,0,0
"939",6037650004,2,0,0,0,0,0,0,0,0,0,0,0,0,3962,"60093",1,1,7
"940",6037650101,3,0,4,0,0,0,3,0,0,0,0,0,7,5912,"93214",0,0,1
"941",6037650200,1,0,0,0,0,0,0,0,0,0,0,0,0,6356,"94879",0,0,1
"942",6037650300,4,0,0,0,0,0,0,0,0,0,0,0,0,6890,"59590",0,0,3
"943",6037650401,1,0,0,0,0,0,0,0,0,0,0,0,0,4607,"110994",0,0,0
"944",6037650501,1,0,0,0,0,0,0,0,0,0,0,0,0,3106,"101714",0,0,1
"945",6037650502,6,0,0,0,0,0,0,0,0,0,0,0,0,4280,"100515",0,0,2
"946",6037650603,10,0,0,0,0,0,0,0,0,0,0,0,0,3740,"83854",0,0,3
"947",6037650605,6,0,0,0,0,0,0,0,0,0,0,0,0,2755,"64661",0,0,2
"948",6037650701,1,0,0,0,0,0,0,0,0,0,0,0,0,2394,"102708",1,0,0
"949",6037650702,2,0,0,0,0,0,0,0,0,0,0,0,0,4732,"113214",0,0,1
"950",6037650800,3,0,0,0,0,0,0,0,0,0,0,0,0,6729,"75495",0,0,1
"951",6037650902,7,0,0,0,0,0,0,0,0,0,0,0,0,6350,"83457",0,1,2
"952",6037651002,1,0,0,0,0,0,0,0,0,0,0,0,0,5014,"83525",0,0,1
"953",6037651102,4,0,0,0,0,0,0,0,0,0,0,0,0,3964,"61531",0,0,0
"954",6037651201,6,0,0,0,0,0,0,0,0,0,0,0,0,4785,"127409",0,0,0
"955",6037651221,2,0,0,0,0,0,0,0,0,0,0,0,0,3373,"55500",0,0,0
"956",6037651222,8,0,0,0,0,0,0,0,0,0,0,0,0,6081,"82898",0,0,1
"957",6037651302,8,0,0,0,0,0,0,0,0,0,0,0,0,6288,"105000",0,0,0
"958",6037651304,5,0,0,0,0,0,0,0,0,0,0,0,0,4850,"86250",0,0,1
"959",6037651402,3,0,0,0,0,0,0,0,0,0,0,0,0,6295,"81429",0,0,2
"960",6037670001,2,1,2,0,0,0,0,0,1,0,0,0,4,3314,"63077",0,0,1
"961",6037670003,3,0,0,0,0,0,0,0,0,0,0,0,0,5535,"63125",0,1,0
"962",6037670100,3,3,4,0,0,0,4,0,0,3,0,0,14,6893,"61696",0,0,1
"963",6037670201,8,0,0,0,0,0,0,0,0,0,0,0,0,3810,"137333",0,0,2
"964",6037670202,8,0,0,0,0,0,0,0,0,0,0,0,0,2728,"161250",0,0,3
"965",6037670324,4,0,0,0,0,0,0,0,0,0,0,0,0,5142,"210734",0,0,1
"966",6037670326,4,0,0,0,0,0,0,0,0,0,0,0,0,3476,"158177",0,0,0
"967",6037670328,2,0,0,0,0,0,0,0,0,0,0,0,0,4964,"187159",0,0,0
"968",6037670403,2,0,0,0,0,0,0,0,0,0,0,0,0,2685,"138750",0,0,0
"969",6037670405,3,0,0,0,0,0,0,0,0,0,0,0,0,3012,"101597",0,0,0
"970",6037670406,1,0,0,0,0,0,0,0,0,0,0,0,0,1950,"111625",0,0,0
"971",6037670407,2,0,0,0,0,0,0,0,0,0,0,0,0,6201,"89621",0,0,1
"972",6037670411,1,0,0,0,0,0,0,0,0,0,0,0,0,4478,"118542",0,0,0
"973",6037670413,3,0,0,0,0,0,0,0,0,0,0,0,0,4886,"127961",0,0,1
"974",6037670416,4,0,0,0,0,0,0,0,0,0,0,0,0,4114,"99432",0,0,0
"975",6037670500,2,0,0,0,0,0,0,0,0,0,0,0,0,1760,"220764",0,0,0
"976",6037670602,5,0,0,0,0,0,0,0,0,0,0,0,0,7049,"141432",0,0,0
"977",6037670701,2,0,17,0,1,0,3,0,3,15,0,0,39,7327,"101964",0,0,1
"978",6037670702,2,0,0,0,0,0,0,0,0,0,0,0,0,5367,"163708",0,0,0
"979",6037700102,4,39,62,0,0,2,42,1,18,46,0,3,213,3687,"33889",0,1,2
"980",6037700300,2,6,32,0,0,3,8,0,12,10,0,2,73,6309,"80833",0,0,0
"981",6037700502,4,8,35,0,1,1,10,0,11,5,0,0,71,4395,"52377",1,1,3
"982",6037700600,3,0,1,0,0,1,0,0,4,1,0,0,7,4722,"175906",0,0,1
"983",6037700700,5,0,1,0,0,0,0,0,0,0,0,0,1,3439,"250000",1,0,4
"984",6037700801,2,0,0,0,0,0,0,0,0,0,0,0,0,5863,"83941",0,0,0
"985",6037700901,5,13,61,0,0,2,17,0,13,29,0,3,138,3892,"74524",0,0,2
"986",6037700902,2,6,33,0,0,4,5,0,5,10,0,0,63,7177,"79388",0,0,0
"987",6037701000,6,1,11,0,0,0,0,0,1,5,1,0,19,5645,"113750",0,0,1
"988",6037701100,1,12,40,0,0,2,8,1,22,37,0,3,125,1015,"44531",1,2,2
"989",6037701304,1,3,10,0,0,0,1,0,5,2,0,0,21,6258,"117869",1,1,0
"990",6037701402,2,0,0,0,0,0,0,0,0,0,0,0,0,5961,"67289",0,0,3
"991",6037701502,1,0,0,0,0,0,0,0,0,0,0,0,0,4002,"79000",0,0,1
"992",6037701602,1,1,4,0,0,0,2,0,2,2,0,0,11,4288,"94386",0,0,0
"993",6037701701,2,5,3,0,0,0,2,0,2,9,0,1,22,3370,"70826",0,0,1
"994",6037701702,1,0,0,0,0,0,0,0,0,0,0,0,0,3312,"56823",0,0,0
"995",6037701801,2,2,7,0,0,0,1,0,2,3,0,0,15,6244,"55408",0,0,0
"996",6037701802,1,0,0,0,0,0,0,0,0,0,0,0,0,4588,"61250",0,0,0
"997",6037701902,1,0,0,0,0,0,0,0,0,0,0,0,0,4517,"60227",0,0,0
"998",6037702002,4,0,0,0,0,0,0,0,0,0,0,0,0,6374,"75764",0,0,1
"999",6037702102,8,50,38,0,1,4,21,1,11,23,0,7,156,5981,"95080",0,0,2
"1000",6037702201,4,0,0,0,0,0,0,0,0,0,0,0,0,4809,"79357",0,1,1
"1001",6037702202,5,16,36,0,0,2,13,0,6,11,0,3,87,3951,"90292",0,0,2
"1002",6037702300,4,0,8,0,0,0,1,0,2,2,0,0,13,6974,"85904",0,0,4
"1003",6037702400,3,17,27,0,1,3,14,0,3,21,0,6,92,4538,"90515",0,0,2
"1004",6037702502,5,1,1,0,0,0,0,0,0,0,0,0,2,4296,"83929",0,0,5
"1005",6037702600,2,1,3,0,0,0,0,0,0,2,0,0,6,5637,"86411",0,0,0
"1006",6037702700,4,0,4,0,1,0,1,0,0,1,0,0,7,3869,"120511",0,0,4
"1007",6037702801,1,5,12,0,0,1,7,0,3,14,0,1,43,5242,"63869",1,0,1
"1008",6037702802,3,13,28,0,0,3,10,1,6,24,0,1,86,2523,"78047",0,0,1
"1009",6037702803,2,20,86,0,0,4,16,1,21,45,0,5,198,3191,"67167",0,0,2
"1010",6037702901,5,6,28,0,0,0,8,1,11,17,0,2,73,9782,"100442",0,0,1
"1011",6037703002,1,0,3,0,0,1,1,0,1,0,0,0,6,7495,"89674",0,0,0
"1012",6037703100,3,7,26,0,0,0,11,0,4,4,0,0,52,5605,"73042",0,0,5
"1013",6037703200,2,59,30,0,0,4,74,0,4,16,0,16,203,6035,"99223",0,0,0
"1014",6037800101,6,0,0,0,0,0,0,0,0,0,0,0,0,5509,"131667",0,0,1
"1015",6037800102,6,0,0,0,0,0,0,0,0,0,0,0,0,6579,"114353",0,0,0
"1016",6037800202,1,0,0,0,0,0,0,0,0,0,0,0,0,5934,"137009",0,0,0
"1017",6037800203,4,0,0,0,0,0,0,0,0,0,0,0,0,5749,"123929",0,0,0
"1018",6037800204,2,0,0,0,0,0,0,0,0,0,0,0,0,4703,"121354",0,0,0
"1019",6037800324,3,0,0,0,0,0,0,0,0,0,0,0,0,6666,"140417",0,0,1
"1020",6037800325,2,0,0,0,0,0,0,0,0,0,0,0,0,3525,"107988",0,0,1
"1021",6037800326,1,0,0,0,0,0,0,0,0,0,0,0,0,5057,"127237",0,0,0
"1022",6037800327,3,0,0,0,0,0,0,0,0,0,0,0,0,5587,"74361",0,0,1
"1023",6037800328,2,0,0,0,0,0,0,0,0,0,0,0,0,2924,"86667",0,0,0
"1024",6037800329,4,0,0,0,0,0,0,0,0,0,0,0,0,6555,"83852",0,0,0
"1025",6037800331,3,0,0,0,0,0,0,0,0,0,0,0,0,805,"132750",0,0,1
"1026",6037800332,6,0,0,0,0,0,0,0,0,0,0,0,0,6605,"148698",0,0,2
"1027",6037800406,2,0,0,0,0,0,0,0,0,0,0,0,0,2816,"120972",0,0,0
"1028",6037800410,3,0,0,0,0,0,0,0,0,0,0,0,0,4100,"111875",0,0,0
"1029",6037800504,2,0,0,0,0,0,0,0,0,0,0,0,0,2420,"114722",0,0,0
"1030",6037800506,1,0,0,0,0,0,0,0,0,0,0,0,0,3243,"156071",0,0,0
"1031",6037900508,1,0,0,0,0,0,0,0,0,0,0,0,0,3612,"55917",0,0,1
"1032",6037900605,1,0,0,0,0,0,0,0,0,0,0,0,0,7870,"40774",0,0,1
"1033",6037900607,3,0,0,0,0,0,0,0,0,0,0,0,0,4003,"29900",1,0,3
"1034",6037900804,2,0,0,0,0,0,0,0,0,0,0,0,0,3347,"38152",0,0,2
"1035",6037900806,2,0,0,0,0,0,0,0,0,0,0,0,0,4891,"21765",1,0,5
"1036",6037901007,1,0,0,0,0,0,0,0,0,0,0,0,0,2020,"85208",0,0,1
"1037",6037901010,2,0,0,0,0,0,0,0,0,0,0,0,0,5895,"46705",0,0,2
"1038",6037910002,2,0,0,0,0,0,0,0,0,0,0,0,0,7351,"41000",0,0,0
"1039",6037910207,3,0,0,0,0,0,0,0,0,0,0,0,0,6002,"83472",1,1,4
"1040",6037910210,2,0,0,0,0,0,0,0,0,0,0,0,0,7148,"81921",0,0,0
"1041",6037910302,2,0,0,0,0,0,0,0,0,0,0,0,0,5890,"91827",0,0,0
"1042",6037910402,1,0,0,0,0,0,0,0,0,0,0,0,0,3714,"25085",0,0,1
"1043",6037910404,1,0,0,0,0,0,0,0,0,0,0,0,0,4121,"45960",0,0,0
"1044",6037910501,4,0,0,0,0,0,0,0,0,0,0,0,0,5461,"16434",0,1,0
"1045",6037910502,1,0,0,0,0,0,0,0,0,0,0,0,0,3980,"36154",0,0,1
"1046",6037910504,2,0,0,0,0,0,0,0,0,0,0,0,0,4799,"39779",1,0,1
"1047",6037910603,2,0,0,0,0,0,0,0,0,0,0,0,0,6779,"38750",1,0,1
"1048",6037910705,1,0,0,0,0,0,0,0,0,0,0,0,0,12622,"68973",0,0,0
"1049",6037910706,1,0,0,0,0,0,0,0,0,0,0,0,0,6296,"51205",0,0,0
"1050",6037910707,1,0,0,0,0,0,0,0,0,0,0,0,0,4787,"40379",0,0,0
"1051",6037910714,2,0,0,0,0,0,0,0,0,0,0,0,0,3995,"52050",0,0,2
"1052",6037910715,2,0,0,0,0,0,0,0,0,0,0,0,0,6430,"48328",1,1,0
"1053",6037910716,1,0,0,0,0,0,0,0,0,0,0,0,0,5865,"59647",0,0,1
"1054",6037920013,2,0,0,0,0,0,0,0,0,0,0,0,0,5079,"95972",0,0,4
"1055",6037920015,1,0,0,0,0,0,0,0,0,0,0,0,0,6007,"127813",0,0,1
"1056",6037920018,1,0,0,0,0,0,0,0,0,0,0,0,0,2363,"92750",0,0,1
"1057",6037920020,1,0,0,0,0,0,0,0,0,0,0,0,0,7377,"86435",0,0,0
"1058",6037920023,1,0,0,0,0,0,0,0,0,0,0,0,0,2880,"56688",0,0,1
"1059",6037920028,1,0,0,0,0,0,0,0,0,0,0,0,0,6589,"110680",0,0,1
"1060",6037920030,1,0,0,0,0,0,0,0,0,0,0,0,0,5969,"76893",3,1,0
"1061",6037920036,2,0,0,0,0,0,0,0,0,0,0,0,0,3328,"78750",1,0,1
"1062",6037920041,3,0,0,0,0,0,0,0,0,0,0,0,0,2909,"75069",0,0,1
"1063",6037920043,1,0,0,0,0,0,0,0,0,0,0,0,0,6529,"131481",0,0,0
"1064",6037920044,2,0,0,0,0,0,0,0,0,0,0,0,0,2870,"105734",0,0,0
"1065",6037920106,2,0,0,0,0,0,0,0,0,0,0,0,0,3291,"73182",1,0,2
"1066",6037920109,1,0,0,0,0,0,0,0,0,0,0,0,0,5694,"107635",0,0,1
"1067",6037920110,1,0,0,0,0,0,0,0,0,0,0,0,0,3367,"136797",0,0,0
"1068",6037920111,2,0,0,0,0,0,0,0,0,0,0,0,0,3059,"98170",1,0,2
"1069",6037920114,1,0,0,0,0,0,0,0,0,0,0,0,0,6742,"95496",0,0,0
"1070",6037920115,2,0,0,0,0,0,0,0,0,0,0,0,0,4044,"105556",0,0,2
"1071",6037920118,1,0,0,0,0,0,0,0,0,0,0,0,0,6226,"114625",0,0,1
"1072",6037920303,1,0,0,0,0,0,0,0,0,0,0,0,0,1542,"109000",0,0,0
"1073",6037920312,2,0,0,0,0,0,0,0,0,0,0,0,0,5654,"75216",1,0,3
"1074",6037920314,2,0,0,0,0,0,0,0,0,0,0,0,0,2983,"108456",0,0,1
"1075",6037920322,1,0,0,0,0,0,0,0,0,0,0,0,0,2905,"86000",0,0,1
"1076",6037920330,1,0,0,0,0,0,0,0,0,0,0,0,0,5823,"94059",0,0,0
"1077",6037920331,3,0,0,0,0,0,0,0,0,0,0,0,0,4203,"97375",1,0,1
"1078",6037920332,2,0,0,0,0,0,0,0,0,0,0,0,0,2474,"90962",0,0,0
"1079",6037920336,2,0,0,0,0,0,0,0,0,0,0,0,0,6477,"47804",1,0,2
"1080",6037920337,1,0,0,0,0,0,0,0,0,0,0,0,0,7947,"47794",0,0,1
"1081",6037920338,1,0,0,0,0,0,0,0,0,0,0,0,0,6167,"148929",0,0,1
"1082",6037980005,2,0,0,0,0,0,0,0,0,0,0,0,0,0,"-",0,0,1
"1083",6037980006,3,0,0,0,0,0,0,0,0,0,0,0,0,0,"-",0,0,9
"1084",6037980007,1,0,0,0,0,0,0,0,0,0,0,0,0,0,"-",0,0,0
"1085",6037980009,1,2,1,0,0,1,1,0,6,10,0,0,21,5,"-",3,1,21
"1086",6037980010,3,13,7,0,0,1,10,0,4,13,0,1,49,150,"-",0,0,8
"1087",6037980013,2,0,0,0,0,0,0,0,0,0,0,0,0,0,"-",0,0,1
"1088",6037980014,1,15,15,0,0,1,3,0,3,12,0,1,50,0,"-",0,0,0
"1089",6037980015,1,4,6,0,0,0,5,0,0,4,0,0,19,329,"45962",0,0,0
"1090",6037980020,2,0,0,0,0,0,0,0,1,0,0,0,1,0,"-",0,0,0
"1091",6037980021,1,8,14,0,0,2,2,0,1,5,0,1,33,0,"-",1,0,2
"1092",6037980022,1,3,7,0,0,2,2,0,9,11,0,0,34,0,"-",0,0,0
"1093",6037980023,3,1,0,0,0,0,0,1,1,3,0,0,6,9,"-",0,0,0
"1094",6037980024,6,6,22,0,1,1,5,1,5,12,0,0,53,237,"119063",0,0,5
"1095",6037980025,2,0,0,0,0,0,0,0,0,0,0,0,0,0,"-",2,0,1
"1096",6037980026,1,0,1,0,0,0,0,0,1,0,0,0,2,41,"-",0,0,0
